label,bac1,bac2,bac3,bac4,bac5,bac6,bac7,bac8,bac9,bac10,bac11,bac12,bac13,bac14,bac15,bac16,bac17,bac18,bac19,bac20,bac21,bac22,bac23
control,0.00E+00,0.00E+00,0.00E+00,0.00E+00,6.00E-04,0.00E+00,0.00E+00,0.00E+00,0.00E+00,0.00E+00,0.00E+00,6.00E-04,0.00E+00,0.00E+00,0.00E+00,0.00E+00,0.00E+00,1.10E-03,0.00E+00,0.00E+00,3.00E-04,0.00E+00,0.00E+00
control,0.00E+00,0.00E+00,4.00E-04,0.00E+00,2.40E-03,0.00E+00,0.00E+00,0.00E+00,0.00E+00,0.00E+00,0.00E+00,0.00E+00,0.00E+00,0.00E+00,0.00E+00,0.00E+00,0.00E+00,0.00E+00,0.00E+00,0.00E+00,0.00E+00,0.00E+00,0.00E+00
control,0.00E+00,0.00E+00,0.00E+00,0.00E+00,1.20E-03,0.00E+00,0.00E+00,0.00E+00,0.00E+00,0.00E+00,0.00E+00,0.00E+00,0.00E+00,0.00E+00,0.00E+00,0.00E+00,0.00E+00,0.00E+00,0.00E+00,0.00E+00,0.00E+00,0.00E+00,0.00E+00
control,6.00E-04,1.21E-02,0.00E+00,0.00E+00,0.00E+00,0.00E+00,2.96E-02,0.00E+00,0.00E+00,0.00E+00,4.95E-02,0.00E+00,0.00E+00,0.00E+00,0.00E+00,2.60E-03,0.00E+00,3.60E-03,1.10E-03,7.00E-03,0.00E+00,0.00E+00,0.00E+00
control,4.01E-02,0.00E+00,1.37E-01,2.00E-04,0.00E+00,0.00E+00,0.00E+00,0.00E+00,0.00E+00,0.00E+00,0.00E+00,0.00E+00,0.00E+00,0.00E+00,0.00E+00,0.00E+00,0.00E+00,0.00E+00,0.00E+00,0.00E+00,0.00E+00,0.00E+00,0.00E+00
control,0.00E+00,0.00E+00,0.00E+00,0.00E+00,0.00E+00,0.00E+00,0.00E+00,0.00E+00,0.00E+00,0.00E+00,0.00E+00,0.00E+00,0.00E+00,0.00E+00,0.00E+00,0.00E+00,0.00E+00,0.00E+00,0.00E+00,0.00E+00,0.00E+00,3.00E-04,2.00E-04
control,0.00E+00,0.00E+00,4.00E-04,0.00E+00,6.00E-04,5.00E-04,6.00E-04,0.00E+00,0.00E+00,0.00E+00,0.00E+00,0.00E+00,0.00E+00,1.00E-03,4.00E-04,0.00E+00,3.00E-04,3.00E-03,2.00E-04,0.00E+00,5.00E-04,2.00E-04,2.00E-04
control,0.00E+00,0.00E+00,0.00E+00,0.00E+00,0.00E+00,5.00E-04,0.00E+00,0.00E+00,0.00E+00,0.00E+00,0.00E+00,0.00E+00,0.00E+00,0.00E+00,0.00E+00,0.00E+00,0.00E+00,0.00E+00,0.00E+00,0.00E+00,0.00E+00,0.00E+00,0.00E+00
control,0.00E+00,0.00E+00,0.00E+00,0.00E+00,0.00E+00,0.00E+00,0.00E+00,0.00E+00,0.00E+00,0.00E+00,0.00E+00,0.00E+00,0.00E+00,0.00E+00,0.00E+00,0.00E+00,0.00E+00,0.00E+00,0.00E+00,0.00E+00,0.00E+00,0.00E+00,0.00E+00
control,0.00E+00,0.00E+00,0.00E+00,0.00E+00,0.00E+00,0.00E+00,0.00E+00,0.00E+00,0.00E+00,0.00E+00,0.00E+00,0.00E+00,0.00E+00,0.00E+00,0.00E+00,0.00E+00,0.00E+00,0.00E+00,0.00E+00,0.00E+00,0.00E+00,0.00E+00,0.00E+00
control,0.00E+00,0.00E+00,0.00E+00,0.00E+00,1.80E-03,0.00E+00,0.00E+00,0.00E+00,0.00E+00,0.00E+00,0.00E+00,0.00E+00,0.00E+00,0.00E+00,0.00E+00,0.00E+00,0.00E+00,7.20E-03,0.00E+00,0.00E+00,0.00E+00,0.00E+00,2.00E-04
control,0.00E+00,0.00E+00,0.00E+00,0.00E+00,0.00E+00,0.00E+00,0.00E+00,0.00E+00,0.00E+00,0.00E+00,0.00E+00,3.00E-04,0.00E+00,0.00E+00,0.00E+00,0.00E+00,0.00E+00,0.00E+00,0.00E+00,0.00E+00,2.00E-04,0.00E+00,0.00E+00
control,0.00E+00,0.00E+00,0.00E+00,0.00E+00,0.00E+00,0.00E+00,0.00E+00,0.00E+00,0.00E+00,0.00E+00,0.00E+00,0.00E+00,0.00E+00,0.00E+00,0.00E+00,0.00E+00,0.00E+00,0.00E+00,0.00E+00,0.00E+00,0.00E+00,0.00E+00,0.00E+00
control,0.00E+00,0.00E+00,0.00E+00,0.00E+00,0.00E+00,0.00E+00,0.00E+00,0.00E+00,0.00E+00,0.00E+00,0.00E+00,0.00E+00,0.00E+00,0.00E+00,0.00E+00,0.00E+00,0.00E+00,0.00E+00,0.00E+00,0.00E+00,0.00E+00,0.00E+00,0.00E+00
control,0.00E+00,0.00E+00,0.00E+00,0.00E+00,0.00E+00,0.00E+00,0.00E+00,0.00E+00,0.00E+00,0.00E+00,0.00E+00,0.00E+00,0.00E+00,0.00E+00,0.00E+00,0.00E+00,0.00E+00,0.00E+00,0.00E+00,0.00E+00,0.00E+00,0.00E+00,0.00E+00
control,0.00E+00,2.00E-04,0.00E+00,0.00E+00,0.00E+00,1.00E-03,1.20E-03,0.00E+00,0.00E+00,0.00E+00,0.00E+00,3.00E-04,0.00E+00,0.00E+00,0.00E+00,3.00E-04,1.10E-03,1.10E-03,2.00E-04,0.00E+00,0.00E+00,0.00E+00,1.80E-03
control,0.00E+00,0.00E+00,0.00E+00,0.00E+00,0.00E+00,0.00E+00,0.00E+00,0.00E+00,0.00E+00,1.20E-03,0.00E+00,0.00E+00,0.00E+00,0.00E+00,0.00E+00,0.00E+00,0.00E+00,0.00E+00,0.00E+00,0.00E+00,0.00E+00,0.00E+00,0.00E+00
control,0.00E+00,0.00E+00,0.00E+00,0.00E+00,0.00E+00,0.00E+00,0.00E+00,0.00E+00,0.00E+00,0.00E+00,0.00E+00,0.00E+00,0.00E+00,0.00E+00,0.00E+00,0.00E+00,0.00E+00,0.00E+00,0.00E+00,0.00E+00,2.00E-04,0.00E+00,0.00E+00
control,0.00E+00,0.00E+00,0.00E+00,0.00E+00,0.00E+00,0.00E+00,0.00E+00,0.00E+00,0.00E+00,0.00E+00,0.00E+00,0.00E+00,0.00E+00,0.00E+00,0.00E+00,0.00E+00,8.00E-04,2.00E-04,2.00E-04,0.00E+00,0.00E+00,0.00E+00,0.00E+00
control,0.00E+00,0.00E+00,0.00E+00,0.00E+00,2.40E-03,1.50E-03,0.00E+00,0.00E+00,2.60E-03,0.00E+00,0.00E+00,0.00E+00,0.00E+00,0.00E+00,0.00E+00,0.00E+00,0.00E+00,1.51E-02,2.00E-04,0.00E+00,3.90E-03,0.00E+00,2.00E-04
control,0.00E+00,0.00E+00,0.00E+00,0.00E+00,0.00E+00,0.00E+00,0.00E+00,0.00E+00,0.00E+00,0.00E+00,0.00E+00,0.00E+00,0.00E+00,0.00E+00,0.00E+00,0.00E+00,0.00E+00,0.00E+00,0.00E+00,0.00E+00,0.00E+00,0.00E+00,0.00E+00
control,0.00E+00,0.00E+00,0.00E+00,0.00E+00,0.00E+00,0.00E+00,0.00E+00,0.00E+00,0.00E+00,0.00E+00,3.82E-02,0.00E+00,0.00E+00,0.00E+00,9.00E-04,8.20E-03,5.00E-04,0.00E+00,2.00E-04,2.00E-04,0.00E+00,0.00E+00,0.00E+00
control,0.00E+00,0.00E+00,0.00E+00,0.00E+00,0.00E+00,0.00E+00,0.00E+00,0.00E+00,0.00E+00,0.00E+00,0.00E+00,0.00E+00,0.00E+00,0.00E+00,0.00E+00,0.00E+00,0.00E+00,0.00E+00,0.00E+00,0.00E+00,0.00E+00,0.00E+00,0.00E+00
control,0.00E+00,0.00E+00,0.00E+00,0.00E+00,0.00E+00,0.00E+00,0.00E+00,0.00E+00,0.00E+00,0.00E+00,0.00E+00,0.00E+00,0.00E+00,0.00E+00,0.00E+00,0.00E+00,0.00E+00,0.00E+00,0.00E+00,0.00E+00,0.00E+00,0.00E+00,0.00E+00
control,6.00E-04,5.02E-01,4.00E-04,1.42E-02,4.37E-01,2.80E-01,3.04E-01,5.91E-01,2.55E-01,4.68E-01,4.80E-01,4.38E-01,2.77E-01,4.38E-01,3.71E-01,4.71E-02,4.01E-01,9.94E-02,4.35E-01,5.32E-01,5.28E-01,4.07E-01,2.60E-01
control,0.00E+00,0.00E+00,0.00E+00,0.00E+00,0.00E+00,0.00E+00,0.00E+00,0.00E+00,0.00E+00,0.00E+00,0.00E+00,0.00E+00,0.00E+00,0.00E+00,0.00E+00,0.00E+00,0.00E+00,0.00E+00,0.00E+00,0.00E+00,0.00E+00,0.00E+00,0.00E+00
control,0.00E+00,0.00E+00,0.00E+00,0.00E+00,0.00E+00,1.00E-03,0.00E+00,0.00E+00,0.00E+00,0.00E+00,0.00E+00,0.00E+00,0.00E+00,0.00E+00,0.00E+00,0.00E+00,0.00E+00,2.30E-03,0.00E+00,0.00E+00,0.00E+00,0.00E+00,0.00E+00
control,0.00E+00,0.00E+00,0.00E+00,0.00E+00,0.00E+00,0.00E+00,0.00E+00,0.00E+00,0.00E+00,0.00E+00,0.00E+00,0.00E+00,0.00E+00,0.00E+00,0.00E+00,0.00E+00,0.00E+00,0.00E+00,0.00E+00,0.00E+00,0.00E+00,0.00E+00,0.00E+00
control,0.00E+00,0.00E+00,0.00E+00,0.00E+00,0.00E+00,0.00E+00,0.00E+00,0.00E+00,0.00E+00,0.00E+00,0.00E+00,0.00E+00,0.00E+00,0.00E+00,0.00E+00,0.00E+00,0.00E+00,0.00E+00,0.00E+00,0.00E+00,0.00E+00,0.00E+00,0.00E+00
control,0.00E+00,3.00E-04,4.00E-04,0.00E+00,0.00E+00,5.00E-04,1.20E-03,3.00E-03,1.80E-03,6.10E-03,0.00E+00,1.50E-03,0.00E+00,0.00E+00,0.00E+00,0.00E+00,0.00E+00,2.00E-04,1.40E-03,1.60E-03,2.91E-02,1.30E-03,0.00E+00
control,0.00E+00,0.00E+00,0.00E+00,0.00E+00,0.00E+00,0.00E+00,0.00E+00,0.00E+00,0.00E+00,0.00E+00,0.00E+00,0.00E+00,0.00E+00,0.00E+00,0.00E+00,0.00E+00,0.00E+00,0.00E+00,0.00E+00,0.00E+00,0.00E+00,0.00E+00,0.00E+00
control,0.00E+00,0.00E+00,0.00E+00,0.00E+00,0.00E+00,0.00E+00,0.00E+00,0.00E+00,0.00E+00,0.00E+00,0.00E+00,0.00E+00,0.00E+00,0.00E+00,0.00E+00,0.00E+00,0.00E+00,0.00E+00,0.00E+00,0.00E+00,0.00E+00,0.00E+00,0.00E+00
control,0.00E+00,0.00E+00,0.00E+00,0.00E+00,0.00E+00,1.00E-03,0.00E+00,0.00E+00,0.00E+00,0.00E+00,0.00E+00,0.00E+00,0.00E+00,0.00E+00,0.00E+00,0.00E+00,0.00E+00,5.30E-03,0.00E+00,0.00E+00,0.00E+00,0.00E+00,0.00E+00
control,0.00E+00,0.00E+00,0.00E+00,0.00E+00,0.00E+00,0.00E+00,0.00E+00,0.00E+00,0.00E+00,0.00E+00,0.00E+00,0.00E+00,0.00E+00,0.00E+00,0.00E+00,0.00E+00,0.00E+00,0.00E+00,0.00E+00,0.00E+00,0.00E+00,0.00E+00,0.00E+00
control,0.00E+00,0.00E+00,0.00E+00,0.00E+00,0.00E+00,0.00E+00,0.00E+00,0.00E+00,0.00E+00,0.00E+00,0.00E+00,0.00E+00,0.00E+00,0.00E+00,0.00E+00,0.00E+00,0.00E+00,0.00E+00,0.00E+00,0.00E+00,0.00E+00,0.00E+00,0.00E+00
control,0.00E+00,0.00E+00,0.00E+00,0.00E+00,0.00E+00,0.00E+00,0.00E+00,0.00E+00,0.00E+00,0.00E+00,0.00E+00,0.00E+00,0.00E+00,0.00E+00,0.00E+00,0.00E+00,0.00E+00,0.00E+00,0.00E+00,0.00E+00,0.00E+00,0.00E+00,0.00E+00
control,0.00E+00,0.00E+00,0.00E+00,0.00E+00,0.00E+00,0.00E+00,0.00E+00,0.00E+00,0.00E+00,0.00E+00,0.00E+00,0.00E+00,0.00E+00,0.00E+00,0.00E+00,0.00E+00,0.00E+00,0.00E+00,0.00E+00,0.00E+00,0.00E+00,0.00E+00,0.00E+00
control,0.00E+00,8.00E-04,0.00E+00,0.00E+00,2.44E-02,5.10E-03,2.60E-03,7.20E-03,2.60E-03,2.40E-02,6.70E-03,1.44E-02,1.31E-02,1.90E-03,1.34E-02,4.10E-03,5.00E-04,1.90E-03,7.00E-04,1.60E-03,1.65E-02,1.10E-03,1.76E-02
control,0.00E+00,0.00E+00,0.00E+00,0.00E+00,0.00E+00,0.00E+00,0.00E+00,0.00E+00,0.00E+00,0.00E+00,0.00E+00,0.00E+00,0.00E+00,0.00E+00,0.00E+00,0.00E+00,0.00E+00,0.00E+00,0.00E+00,0.00E+00,0.00E+00,0.00E+00,0.00E+00
control,9.00E-04,0.00E+00,1.70E-03,1.02E-02,1.20E-03,0.00E+00,3.00E-04,0.00E+00,0.00E+00,1.20E-03,0.00E+00,0.00E+00,0.00E+00,0.00E+00,0.00E+00,5.00E-04,3.00E-04,6.00E-04,0.00E+00,0.00E+00,3.00E-04,0.00E+00,2.00E-04
control,0.00E+00,0.00E+00,0.00E+00,0.00E+00,1.80E-03,0.00E+00,1.20E-03,0.00E+00,0.00E+00,0.00E+00,0.00E+00,0.00E+00,3.00E-04,0.00E+00,0.00E+00,0.00E+00,5.00E-04,9.00E-04,0.00E+00,0.00E+00,0.00E+00,2.00E-04,0.00E+00
control,0.00E+00,0.00E+00,0.00E+00,0.00E+00,0.00E+00,0.00E+00,0.00E+00,0.00E+00,0.00E+00,0.00E+00,0.00E+00,0.00E+00,0.00E+00,0.00E+00,0.00E+00,0.00E+00,0.00E+00,0.00E+00,0.00E+00,0.00E+00,0.00E+00,0.00E+00,0.00E+00
control,0.00E+00,0.00E+00,0.00E+00,0.00E+00,0.00E+00,0.00E+00,0.00E+00,0.00E+00,0.00E+00,0.00E+00,0.00E+00,0.00E+00,0.00E+00,0.00E+00,0.00E+00,0.00E+00,0.00E+00,3.40E-03,0.00E+00,0.00E+00,0.00E+00,0.00E+00,0.00E+00
control,0.00E+00,0.00E+00,0.00E+00,0.00E+00,0.00E+00,0.00E+00,0.00E+00,0.00E+00,0.00E+00,0.00E+00,0.00E+00,0.00E+00,0.00E+00,0.00E+00,0.00E+00,0.00E+00,0.00E+00,0.00E+00,0.00E+00,0.00E+00,0.00E+00,0.00E+00,0.00E+00
control,0.00E+00,0.00E+00,0.00E+00,0.00E+00,0.00E+00,0.00E+00,0.00E+00,0.00E+00,0.00E+00,0.00E+00,0.00E+00,6.00E-04,0.00E+00,0.00E+00,0.00E+00,0.00E+00,0.00E+00,0.00E+00,0.00E+00,0.00E+00,0.00E+00,0.00E+00,0.00E+00
control,0.00E+00,3.50E-03,0.00E+00,0.00E+00,6.00E-04,1.50E-03,1.20E-03,7.20E-03,0.00E+00,2.80E-03,5.10E-03,4.00E-03,6.70E-03,0.00E+00,7.40E-03,8.00E-04,8.00E-04,6.00E-04,5.00E-04,6.00E-04,2.40E-03,2.80E-03,5.50E-03
control,0.00E+00,0.00E+00,0.00E+00,0.00E+00,0.00E+00,0.00E+00,0.00E+00,0.00E+00,0.00E+00,0.00E+00,0.00E+00,0.00E+00,0.00E+00,0.00E+00,0.00E+00,0.00E+00,0.00E+00,0.00E+00,0.00E+00,0.00E+00,0.00E+00,0.00E+00,0.00E+00
control,0.00E+00,0.00E+00,0.00E+00,0.00E+00,0.00E+00,0.00E+00,0.00E+00,0.00E+00,0.00E+00,0.00E+00,0.00E+00,0.00E+00,0.00E+00,0.00E+00,0.00E+00,0.00E+00,0.00E+00,0.00E+00,0.00E+00,0.00E+00,0.00E+00,0.00E+00,0.00E+00
control,0.00E+00,0.00E+00,0.00E+00,0.00E+00,0.00E+00,0.00E+00,0.00E+00,0.00E+00,0.00E+00,0.00E+00,6.00E-04,0.00E+00,0.00E+00,0.00E+00,0.00E+00,0.00E+00,0.00E+00,0.00E+00,0.00E+00,0.00E+00,2.00E-04,0.00E+00,0.00E+00
control,0.00E+00,0.00E+00,0.00E+00,0.00E+00,0.00E+00,0.00E+00,0.00E+00,0.00E+00,0.00E+00,0.00E+00,0.00E+00,0.00E+00,0.00E+00,0.00E+00,0.00E+00,0.00E+00,0.00E+00,0.00E+00,0.00E+00,0.00E+00,0.00E+00,0.00E+00,0.00E+00
control,0.00E+00,0.00E+00,0.00E+00,0.00E+00,0.00E+00,0.00E+00,0.00E+00,0.00E+00,0.00E+00,0.00E+00,0.00E+00,0.00E+00,0.00E+00,0.00E+00,0.00E+00,0.00E+00,0.00E+00,0.00E+00,0.00E+00,0.00E+00,0.00E+00,0.00E+00,0.00E+00
control,0.00E+00,0.00E+00,0.00E+00,0.00E+00,0.00E+00,0.00E+00,0.00E+00,0.00E+00,0.00E+00,0.00E+00,0.00E+00,0.00E+00,0.00E+00,0.00E+00,0.00E+00,0.00E+00,0.00E+00,0.00E+00,0.00E+00,0.00E+00,0.00E+00,0.00E+00,0.00E+00
control,0.00E+00,0.00E+00,0.00E+00,0.00E+00,6.00E-04,0.00E+00,0.00E+00,0.00E+00,0.00E+00,0.00E+00,0.00E+00,0.00E+00,0.00E+00,0.00E+00,0.00E+00,0.00E+00,0.00E+00,0.00E+00,0.00E+00,0.00E+00,0.00E+00,0.00E+00,0.00E+00
control,0.00E+00,0.00E+00,0.00E+00,0.00E+00,0.00E+00,0.00E+00,0.00E+00,0.00E+00,0.00E+00,0.00E+00,0.00E+00,0.00E+00,0.00E+00,0.00E+00,0.00E+00,0.00E+00,0.00E+00,0.00E+00,0.00E+00,0.00E+00,0.00E+00,0.00E+00,0.00E+00
control,0.00E+00,0.00E+00,0.00E+00,0.00E+00,0.00E+00,0.00E+00,0.00E+00,0.00E+00,0.00E+00,0.00E+00,0.00E+00,0.00E+00,0.00E+00,1.00E-03,0.00E+00,3.00E-04,5.00E-04,0.00E+00,0.00E+00,0.00E+00,0.00E+00,0.00E+00,0.00E+00
control,0.00E+00,2.00E-04,0.00E+00,0.00E+00,0.00E+00,0.00E+00,9.00E-04,4.20E-03,0.00E+00,2.40E-03,1.70E-03,0.00E+00,1.00E-03,0.00E+00,1.80E-03,0.00E+00,0.00E+00,0.00E+00,0.00E+00,1.00E-03,2.00E-04,0.00E+00,1.17E-02
control,6.00E-04,0.00E+00,0.00E+00,7.00E-04,6.00E-04,8.20E-03,0.00E+00,0.00E+00,0.00E+00,0.00E+00,6.70E-03,0.00E+00,0.00E+00,0.00E+00,0.00E+00,1.13E-02,1.60E-03,6.00E-04,9.30E-03,0.00E+00,0.00E+00,0.00E+00,9.00E-04
control,0.00E+00,0.00E+00,0.00E+00,0.00E+00,0.00E+00,0.00E+00,2.26E-02,0.00E+00,0.00E+00,0.00E+00,0.00E+00,0.00E+00,2.76E-02,2.78E-02,0.00E+00,1.51E-02,0.00E+00,8.50E-03,0.00E+00,2.00E-04,0.00E+00,0.00E+00,0.00E+00
control,0.00E+00,0.00E+00,0.00E+00,0.00E+00,0.00E+00,0.00E+00,0.00E+00,1.70E-03,9.00E-04,0.00E+00,0.00E+00,2.10E-03,3.00E-04,0.00E+00,0.00E+00,3.00E-04,0.00E+00,0.00E+00,0.00E+00,8.00E-04,1.10E-03,2.00E-04,0.00E+00
control,0.00E+00,0.00E+00,0.00E+00,0.00E+00,0.00E+00,0.00E+00,0.00E+00,0.00E+00,0.00E+00,0.00E+00,0.00E+00,0.00E+00,0.00E+00,0.00E+00,0.00E+00,0.00E+00,0.00E+00,0.00E+00,0.00E+00,0.00E+00,0.00E+00,0.00E+00,0.00E+00
control,0.00E+00,0.00E+00,0.00E+00,0.00E+00,0.00E+00,0.00E+00,0.00E+00,0.00E+00,0.00E+00,0.00E+00,0.00E+00,0.00E+00,0.00E+00,0.00E+00,0.00E+00,0.00E+00,0.00E+00,0.00E+00,0.00E+00,0.00E+00,0.00E+00,0.00E+00,0.00E+00
control,0.00E+00,0.00E+00,0.00E+00,2.00E-04,1.10E-02,5.00E-04,6.00E-04,0.00E+00,0.00E+00,4.00E-04,0.00E+00,1.50E-03,0.00E+00,0.00E+00,2.00E-04,0.00E+00,0.00E+00,4.64E-02,0.00E+00,0.00E+00,3.00E-04,0.00E+00,4.00E-04
control,0.00E+00,0.00E+00,0.00E+00,0.00E+00,0.00E+00,0.00E+00,0.00E+00,0.00E+00,0.00E+00,0.00E+00,0.00E+00,0.00E+00,0.00E+00,0.00E+00,0.00E+00,0.00E+00,0.00E+00,0.00E+00,0.00E+00,0.00E+00,0.00E+00,0.00E+00,0.00E+00
control,0.00E+00,0.00E+00,0.00E+00,0.00E+00,0.00E+00,0.00E+00,0.00E+00,0.00E+00,0.00E+00,0.00E+00,0.00E+00,0.00E+00,0.00E+00,0.00E+00,0.00E+00,0.00E+00,0.00E+00,0.00E+00,0.00E+00,0.00E+00,0.00E+00,0.00E+00,0.00E+00
control,0.00E+00,0.00E+00,0.00E+00,0.00E+00,0.00E+00,0.00E+00,0.00E+00,0.00E+00,0.00E+00,0.00E+00,0.00E+00,0.00E+00,0.00E+00,0.00E+00,0.00E+00,0.00E+00,0.00E+00,0.00E+00,0.00E+00,0.00E+00,0.00E+00,0.00E+00,0.00E+00
control,0.00E+00,0.00E+00,0.00E+00,0.00E+00,0.00E+00,0.00E+00,0.00E+00,0.00E+00,0.00E+00,0.00E+00,0.00E+00,0.00E+00,0.00E+00,0.00E+00,0.00E+00,0.00E+00,0.00E+00,0.00E+00,0.00E+00,0.00E+00,0.00E+00,0.00E+00,0.00E+00
control,6.00E-04,3.33E-02,0.00E+00,7.00E-04,8.50E-03,5.51E-02,5.07E-02,8.00E-03,7.41E-02,1.22E-02,3.20E-02,3.43E-02,1.66E-01,1.44E-02,1.34E-01,5.55E-02,2.06E-02,7.70E-03,1.48E-02,8.80E-03,1.32E-02,0.00E+00,3.43E-02
control,0.00E+00,3.00E-04,0.00E+00,0.00E+00,0.00E+00,0.00E+00,0.00E+00,0.00E+00,0.00E+00,0.00E+00,0.00E+00,0.00E+00,0.00E+00,0.00E+00,0.00E+00,0.00E+00,0.00E+00,0.00E+00,0.00E+00,0.00E+00,0.00E+00,0.00E+00,0.00E+00
control,0.00E+00,0.00E+00,0.00E+00,0.00E+00,0.00E+00,0.00E+00,0.00E+00,0.00E+00,0.00E+00,0.00E+00,0.00E+00,0.00E+00,0.00E+00,0.00E+00,0.00E+00,0.00E+00,0.00E+00,0.00E+00,0.00E+00,0.00E+00,0.00E+00,0.00E+00,0.00E+00
control,0.00E+00,8.10E-03,0.00E+00,0.00E+00,7.30E-03,1.08E-02,5.90E-03,5.50E-03,0.00E+00,7.70E-03,1.29E-02,1.80E-03,8.40E-03,1.00E-03,2.50E-03,1.33E-02,1.44E-02,1.02E-02,1.12E-02,4.20E-03,0.00E+00,4.20E-03,6.70E-03
control,0.00E+00,0.00E+00,0.00E+00,0.00E+00,6.00E-04,1.50E-03,3.00E-04,0.00E+00,0.00E+00,0.00E+00,0.00E+00,0.00E+00,0.00E+00,0.00E+00,0.00E+00,2.80E-03,0.00E+00,9.00E-04,5.00E-04,0.00E+00,2.00E-04,0.00E+00,0.00E+00
control,0.00E+00,0.00E+00,1.20E-03,0.00E+00,0.00E+00,0.00E+00,0.00E+00,0.00E+00,0.00E+00,0.00E+00,0.00E+00,0.00E+00,0.00E+00,0.00E+00,0.00E+00,0.00E+00,0.00E+00,0.00E+00,0.00E+00,0.00E+00,0.00E+00,0.00E+00,0.00E+00
control,0.00E+00,0.00E+00,0.00E+00,0.00E+00,6.00E-04,0.00E+00,0.00E+00,0.00E+00,0.00E+00,0.00E+00,0.00E+00,0.00E+00,0.00E+00,0.00E+00,0.00E+00,0.00E+00,0.00E+00,1.30E-03,0.00E+00,0.00E+00,0.00E+00,0.00E+00,0.00E+00
control,0.00E+00,0.00E+00,0.00E+00,0.00E+00,0.00E+00,0.00E+00,0.00E+00,0.00E+00,0.00E+00,0.00E+00,0.00E+00,0.00E+00,0.00E+00,0.00E+00,0.00E+00,0.00E+00,0.00E+00,0.00E+00,0.00E+00,0.00E+00,0.00E+00,0.00E+00,0.00E+00
control,0.00E+00,1.21E-02,4.00E-04,0.00E+00,3.23E-02,5.70E-03,5.90E-03,8.00E-03,5.30E-03,2.40E-03,6.70E-03,1.71E-02,1.35E-02,2.90E-03,4.00E-03,1.46E-02,1.38E-02,6.60E-03,3.60E-03,9.90E-03,1.46E-02,1.40E-02,8.20E-03
control,0.00E+00,0.00E+00,0.00E+00,0.00E+00,0.00E+00,0.00E+00,0.00E+00,0.00E+00,0.00E+00,0.00E+00,0.00E+00,0.00E+00,0.00E+00,0.00E+00,0.00E+00,0.00E+00,0.00E+00,0.00E+00,0.00E+00,0.00E+00,0.00E+00,0.00E+00,0.00E+00
control,0.00E+00,0.00E+00,0.00E+00,0.00E+00,0.00E+00,0.00E+00,0.00E+00,0.00E+00,0.00E+00,0.00E+00,0.00E+00,0.00E+00,0.00E+00,0.00E+00,0.00E+00,0.00E+00,0.00E+00,0.00E+00,0.00E+00,2.00E-04,0.00E+00,0.00E+00,0.00E+00
control,3.00E-04,0.00E+00,0.00E+00,0.00E+00,0.00E+00,0.00E+00,0.00E+00,0.00E+00,0.00E+00,1.60E-03,0.00E+00,0.00E+00,0.00E+00,0.00E+00,0.00E+00,0.00E+00,0.00E+00,0.00E+00,0.00E+00,0.00E+00,0.00E+00,0.00E+00,0.00E+00
control,0.00E+00,0.00E+00,0.00E+00,0.00E+00,0.00E+00,0.00E+00,0.00E+00,0.00E+00,0.00E+00,0.00E+00,0.00E+00,0.00E+00,0.00E+00,0.00E+00,0.00E+00,0.00E+00,0.00E+00,0.00E+00,0.00E+00,0.00E+00,0.00E+00,0.00E+00,0.00E+00
control,0.00E+00,0.00E+00,0.00E+00,0.00E+00,1.20E-03,0.00E+00,0.00E+00,0.00E+00,0.00E+00,0.00E+00,3.40E-03,3.00E-04,6.70E-03,1.90E-03,0.00E+00,1.18E-02,0.00E+00,4.00E-04,6.60E-03,4.00E-04,0.00E+00,0.00E+00,0.00E+00
control,0.00E+00,0.00E+00,0.00E+00,0.00E+00,0.00E+00,0.00E+00,0.00E+00,0.00E+00,0.00E+00,0.00E+00,0.00E+00,0.00E+00,0.00E+00,0.00E+00,0.00E+00,0.00E+00,0.00E+00,0.00E+00,0.00E+00,0.00E+00,0.00E+00,0.00E+00,0.00E+00
control,0.00E+00,0.00E+00,0.00E+00,0.00E+00,0.00E+00,0.00E+00,0.00E+00,0.00E+00,0.00E+00,0.00E+00,0.00E+00,0.00E+00,0.00E+00,0.00E+00,0.00E+00,0.00E+00,0.00E+00,0.00E+00,0.00E+00,0.00E+00,0.00E+00,0.00E+00,0.00E+00
control,0.00E+00,0.00E+00,0.00E+00,0.00E+00,6.00E-04,0.00E+00,0.00E+00,0.00E+00,0.00E+00,0.00E+00,0.00E+00,0.00E+00,0.00E+00,0.00E+00,0.00E+00,0.00E+00,0.00E+00,0.00E+00,0.00E+00,0.00E+00,0.00E+00,0.00E+00,0.00E+00
control,0.00E+00,0.00E+00,0.00E+00,0.00E+00,0.00E+00,0.00E+00,0.00E+00,0.00E+00,0.00E+00,0.00E+00,0.00E+00,0.00E+00,0.00E+00,0.00E+00,0.00E+00,0.00E+00,0.00E+00,0.00E+00,0.00E+00,0.00E+00,0.00E+00,0.00E+00,0.00E+00
control,0.00E+00,0.00E+00,0.00E+00,0.00E+00,0.00E+00,0.00E+00,0.00E+00,0.00E+00,0.00E+00,0.00E+00,0.00E+00,0.00E+00,0.00E+00,0.00E+00,0.00E+00,0.00E+00,0.00E+00,0.00E+00,0.00E+00,0.00E+00,0.00E+00,0.00E+00,0.00E+00
control,0.00E+00,0.00E+00,0.00E+00,0.00E+00,0.00E+00,0.00E+00,0.00E+00,0.00E+00,0.00E+00,0.00E+00,0.00E+00,2.40E-03,0.00E+00,0.00E+00,2.00E-04,0.00E+00,0.00E+00,9.00E-04,2.00E-04,0.00E+00,3.00E-04,0.00E+00,5.00E-04
control,0.00E+00,0.00E+00,0.00E+00,0.00E+00,0.00E+00,0.00E+00,0.00E+00,0.00E+00,0.00E+00,0.00E+00,0.00E+00,0.00E+00,0.00E+00,0.00E+00,0.00E+00,0.00E+00,0.00E+00,0.00E+00,0.00E+00,0.00E+00,0.00E+00,0.00E+00,0.00E+00
control,0.00E+00,0.00E+00,0.00E+00,0.00E+00,0.00E+00,0.00E+00,0.00E+00,0.00E+00,0.00E+00,0.00E+00,0.00E+00,0.00E+00,0.00E+00,0.00E+00,0.00E+00,0.00E+00,0.00E+00,0.00E+00,0.00E+00,0.00E+00,3.00E-04,0.00E+00,0.00E+00
control,0.00E+00,0.00E+00,0.00E+00,0.00E+00,0.00E+00,0.00E+00,0.00E+00,0.00E+00,0.00E+00,0.00E+00,0.00E+00,0.00E+00,0.00E+00,0.00E+00,0.00E+00,0.00E+00,0.00E+00,0.00E+00,0.00E+00,0.00E+00,0.00E+00,0.00E+00,0.00E+00
control,0.00E+00,3.15E-02,0.00E+00,5.00E-04,9.80E-03,5.76E-02,1.82E-02,1.10E-01,1.30E-01,5.82E-02,5.34E-02,9.60E-02,5.29E-02,5.28E-02,5.33E-02,3.20E-02,3.44E-02,5.50E-03,2.94E-02,7.70E-02,4.39E-02,3.34E-02,1.31E-02
control,0.00E+00,0.00E+00,0.00E+00,0.00E+00,0.00E+00,0.00E+00,0.00E+00,0.00E+00,0.00E+00,0.00E+00,0.00E+00,0.00E+00,0.00E+00,0.00E+00,0.00E+00,0.00E+00,0.00E+00,0.00E+00,0.00E+00,0.00E+00,0.00E+00,0.00E+00,0.00E+00
control,0.00E+00,0.00E+00,0.00E+00,0.00E+00,0.00E+00,0.00E+00,0.00E+00,0.00E+00,0.00E+00,0.00E+00,0.00E+00,0.00E+00,0.00E+00,0.00E+00,0.00E+00,0.00E+00,0.00E+00,0.00E+00,0.00E+00,0.00E+00,0.00E+00,0.00E+00,0.00E+00
control,0.00E+00,0.00E+00,0.00E+00,0.00E+00,0.00E+00,0.00E+00,0.00E+00,0.00E+00,0.00E+00,0.00E+00,0.00E+00,9.00E-04,0.00E+00,0.00E+00,0.00E+00,0.00E+00,3.00E-04,0.00E+00,0.00E+00,2.00E-04,0.00E+00,3.00E-04,0.00E+00
control,0.00E+00,0.00E+00,0.00E+00,0.00E+00,0.00E+00,1.00E-03,1.50E-03,0.00E+00,0.00E+00,4.00E-04,0.00E+00,3.40E-03,0.00E+00,0.00E+00,0.00E+00,8.86E-02,0.00E+00,6.00E-03,2.00E-04,0.00E+00,9.00E-04,0.00E+00,0.00E+00
control,0.00E+00,0.00E+00,0.00E+00,0.00E+00,0.00E+00,0.00E+00,0.00E+00,0.00E+00,0.00E+00,0.00E+00,0.00E+00,0.00E+00,0.00E+00,0.00E+00,0.00E+00,0.00E+00,0.00E+00,0.00E+00,0.00E+00,0.00E+00,1.70E-03,0.00E+00,0.00E+00
control,0.00E+00,0.00E+00,0.00E+00,0.00E+00,0.00E+00,0.00E+00,0.00E+00,0.00E+00,0.00E+00,0.00E+00,0.00E+00,0.00E+00,0.00E+00,0.00E+00,0.00E+00,0.00E+00,0.00E+00,6.00E-04,0.00E+00,0.00E+00,0.00E+00,0.00E+00,0.00E+00
control,0.00E+00,0.00E+00,0.00E+00,0.00E+00,0.00E+00,0.00E+00,0.00E+00,0.00E+00,1.80E-03,0.00E+00,0.00E+00,3.00E-04,0.00E+00,4.80E-03,0.00E+00,0.00E+00,3.00E-04,0.00E+00,2.30E-03,0.00E+00,0.00E+00,0.00E+00,0.00E+00
control,0.00E+00,0.00E+00,0.00E+00,0.00E+00,0.00E+00,0.00E+00,0.00E+00,0.00E+00,0.00E+00,0.00E+00,0.00E+00,0.00E+00,0.00E+00,0.00E+00,0.00E+00,0.00E+00,0.00E+00,0.00E+00,0.00E+00,0.00E+00,0.00E+00,0.00E+00,0.00E+00
control,0.00E+00,0.00E+00,0.00E+00,0.00E+00,0.00E+00,0.00E+00,0.00E+00,0.00E+00,0.00E+00,0.00E+00,0.00E+00,0.00E+00,0.00E+00,0.00E+00,0.00E+00,0.00E+00,0.00E+00,0.00E+00,0.00E+00,0.00E+00,0.00E+00,0.00E+00,0.00E+00
control,0.00E+00,0.00E+00,0.00E+00,0.00E+00,0.00E+00,0.00E+00,0.00E+00,0.00E+00,0.00E+00,0.00E+00,0.00E+00,0.00E+00,0.00E+00,0.00E+00,0.00E+00,0.00E+00,0.00E+00,0.00E+00,0.00E+00,0.00E+00,0.00E+00,0.00E+00,0.00E+00
control,0.00E+00,0.00E+00,0.00E+00,0.00E+00,0.00E+00,0.00E+00,0.00E+00,0.00E+00,0.00E+00,0.00E+00,0.00E+00,0.00E+00,0.00E+00,0.00E+00,0.00E+00,0.00E+00,0.00E+00,0.00E+00,0.00E+00,0.00E+00,0.00E+00,0.00E+00,0.00E+00
control,0.00E+00,0.00E+00,0.00E+00,0.00E+00,0.00E+00,0.00E+00,0.00E+00,0.00E+00,0.00E+00,0.00E+00,0.00E+00,0.00E+00,0.00E+00,0.00E+00,0.00E+00,0.00E+00,0.00E+00,0.00E+00,0.00E+00,0.00E+00,0.00E+00,0.00E+00,0.00E+00
control,0.00E+00,0.00E+00,0.00E+00,0.00E+00,0.00E+00,0.00E+00,0.00E+00,0.00E+00,0.00E+00,0.00E+00,0.00E+00,0.00E+00,0.00E+00,0.00E+00,0.00E+00,0.00E+00,0.00E+00,0.00E+00,0.00E+00,0.00E+00,0.00E+00,0.00E+00,0.00E+00
control,0.00E+00,0.00E+00,0.00E+00,0.00E+00,0.00E+00,0.00E+00,0.00E+00,0.00E+00,0.00E+00,0.00E+00,0.00E+00,0.00E+00,0.00E+00,0.00E+00,0.00E+00,0.00E+00,0.00E+00,0.00E+00,0.00E+00,0.00E+00,0.00E+00,0.00E+00,0.00E+00
control,0.00E+00,0.00E+00,0.00E+00,0.00E+00,0.00E+00,0.00E+00,6.00E-04,0.00E+00,0.00E+00,0.00E+00,0.00E+00,0.00E+00,0.00E+00,0.00E+00,0.00E+00,0.00E+00,0.00E+00,0.00E+00,0.00E+00,0.00E+00,0.00E+00,0.00E+00,0.00E+00
control,0.00E+00,0.00E+00,0.00E+00,0.00E+00,0.00E+00,0.00E+00,0.00E+00,0.00E+00,0.00E+00,0.00E+00,0.00E+00,0.00E+00,0.00E+00,0.00E+00,0.00E+00,0.00E+00,0.00E+00,0.00E+00,0.00E+00,0.00E+00,0.00E+00,0.00E+00,0.00E+00
control,0.00E+00,2.00E-04,0.00E+00,0.00E+00,0.00E+00,0.00E+00,0.00E+00,0.00E+00,0.00E+00,0.00E+00,0.00E+00,0.00E+00,0.00E+00,0.00E+00,2.00E-04,0.00E+00,0.00E+00,2.00E-04,5.00E-04,0.00E+00,0.00E+00,2.00E-04,0.00E+00
control,0.00E+00,0.00E+00,0.00E+00,0.00E+00,0.00E+00,0.00E+00,0.00E+00,0.00E+00,0.00E+00,0.00E+00,0.00E+00,0.00E+00,0.00E+00,0.00E+00,0.00E+00,0.00E+00,0.00E+00,0.00E+00,0.00E+00,0.00E+00,0.00E+00,0.00E+00,0.00E+00
control,0.00E+00,0.00E+00,0.00E+00,0.00E+00,0.00E+00,0.00E+00,0.00E+00,0.00E+00,0.00E+00,0.00E+00,0.00E+00,0.00E+00,0.00E+00,0.00E+00,0.00E+00,0.00E+00,0.00E+00,9.00E-04,0.00E+00,0.00E+00,3.00E-04,0.00E+00,0.00E+00
control,0.00E+00,0.00E+00,1.20E-01,0.00E+00,0.00E+00,0.00E+00,0.00E+00,0.00E+00,0.00E+00,0.00E+00,0.00E+00,0.00E+00,0.00E+00,0.00E+00,0.00E+00,0.00E+00,0.00E+00,0.00E+00,0.00E+00,0.00E+00,2.00E-04,2.00E-04,0.00E+00
control,0.00E+00,0.00E+00,0.00E+00,0.00E+00,0.00E+00,0.00E+00,0.00E+00,0.00E+00,0.00E+00,0.00E+00,0.00E+00,0.00E+00,0.00E+00,0.00E+00,0.00E+00,0.00E+00,0.00E+00,0.00E+00,0.00E+00,0.00E+00,0.00E+00,0.00E+00,0.00E+00
control,3.00E-04,5.50E-03,0.00E+00,0.00E+00,1.80E-03,4.60E-03,2.10E-03,1.02E-02,1.80E-03,8.00E-04,7.90E-03,2.80E-03,0.00E+00,0.00E+00,5.80E-03,4.45E-02,5.00E-04,5.30E-03,3.20E-03,8.00E-04,1.18E-02,1.89E-02,1.69E-02
control,0.00E+00,0.00E+00,0.00E+00,0.00E+00,0.00E+00,1.00E-03,0.00E+00,0.00E+00,0.00E+00,0.00E+00,0.00E+00,0.00E+00,0.00E+00,0.00E+00,0.00E+00,0.00E+00,0.00E+00,2.00E-04,0.00E+00,0.00E+00,0.00E+00,0.00E+00,0.00E+00
control,0.00E+00,0.00E+00,0.00E+00,0.00E+00,0.00E+00,0.00E+00,0.00E+00,0.00E+00,0.00E+00,0.00E+00,0.00E+00,0.00E+00,0.00E+00,0.00E+00,0.00E+00,0.00E+00,0.00E+00,0.00E+00,0.00E+00,0.00E+00,0.00E+00,0.00E+00,0.00E+00
control,0.00E+00,0.00E+00,0.00E+00,0.00E+00,0.00E+00,0.00E+00,0.00E+00,0.00E+00,0.00E+00,0.00E+00,0.00E+00,0.00E+00,0.00E+00,0.00E+00,0.00E+00,0.00E+00,0.00E+00,0.00E+00,0.00E+00,2.00E-04,0.00E+00,0.00E+00,0.00E+00
control,0.00E+00,0.00E+00,0.00E+00,0.00E+00,0.00E+00,0.00E+00,0.00E+00,0.00E+00,0.00E+00,0.00E+00,0.00E+00,0.00E+00,0.00E+00,0.00E+00,0.00E+00,0.00E+00,0.00E+00,0.00E+00,0.00E+00,0.00E+00,0.00E+00,0.00E+00,0.00E+00
control,0.00E+00,5.00E-04,0.00E+00,0.00E+00,0.00E+00,0.00E+00,0.00E+00,0.00E+00,0.00E+00,0.00E+00,0.00E+00,0.00E+00,0.00E+00,0.00E+00,0.00E+00,0.00E+00,0.00E+00,0.00E+00,0.00E+00,0.00E+00,0.00E+00,0.00E+00,0.00E+00
control,3.00E-04,1.94E-01,4.00E-04,1.50E-03,6.10E-03,7.62E-02,8.23E-02,1.91E-02,2.04E-01,4.10E-03,8.38E-02,3.27E-02,5.66E-02,1.73E-02,1.28E-02,1.88E-01,7.16E-02,1.16E-01,1.54E-01,1.50E-01,3.00E-04,2.60E-01,2.83E-01
control,0.00E+00,7.10E-03,0.00E+00,5.00E-04,4.90E-03,3.10E-03,1.58E-02,3.80E-03,7.90E-03,6.50E-03,8.40E-03,6.10E-03,5.70E-03,1.34E-02,4.90E-03,5.60E-03,6.20E-03,1.30E-03,4.10E-03,3.60E-03,5.70E-03,2.80E-03,2.10E-03
control,0.00E+00,0.00E+00,0.00E+00,0.00E+00,0.00E+00,0.00E+00,3.00E-04,0.00E+00,9.00E-04,0.00E+00,0.00E+00,3.00E-04,0.00E+00,0.00E+00,0.00E+00,8.00E-04,3.00E-04,4.00E-04,5.00E-04,0.00E+00,0.00E+00,0.00E+00,0.00E+00
control,0.00E+00,0.00E+00,0.00E+00,0.00E+00,0.00E+00,0.00E+00,3.00E-04,0.00E+00,0.00E+00,0.00E+00,0.00E+00,3.00E-04,0.00E+00,0.00E+00,0.00E+00,0.00E+00,0.00E+00,0.00E+00,0.00E+00,0.00E+00,0.00E+00,0.00E+00,0.00E+00
control,0.00E+00,0.00E+00,0.00E+00,0.00E+00,0.00E+00,0.00E+00,0.00E+00,0.00E+00,0.00E+00,0.00E+00,0.00E+00,0.00E+00,0.00E+00,0.00E+00,0.00E+00,0.00E+00,0.00E+00,0.00E+00,0.00E+00,2.00E-04,0.00E+00,0.00E+00,0.00E+00
control,0.00E+00,0.00E+00,0.00E+00,0.00E+00,0.00E+00,0.00E+00,0.00E+00,0.00E+00,0.00E+00,0.00E+00,0.00E+00,0.00E+00,0.00E+00,0.00E+00,0.00E+00,0.00E+00,0.00E+00,0.00E+00,0.00E+00,0.00E+00,0.00E+00,0.00E+00,0.00E+00
control,0.00E+00,0.00E+00,0.00E+00,0.00E+00,0.00E+00,0.00E+00,0.00E+00,0.00E+00,0.00E+00,0.00E+00,0.00E+00,0.00E+00,0.00E+00,0.00E+00,0.00E+00,0.00E+00,0.00E+00,0.00E+00,0.00E+00,0.00E+00,0.00E+00,0.00E+00,0.00E+00
control,0.00E+00,0.00E+00,0.00E+00,0.00E+00,1.10E-02,3.60E-03,6.00E-04,0.00E+00,2.60E-03,4.00E-04,0.00E+00,6.10E-03,0.00E+00,0.00E+00,0.00E+00,0.00E+00,3.00E-04,1.14E-01,0.00E+00,4.00E-04,5.80E-03,7.00E-04,2.10E-03
control,0.00E+00,7.00E-04,0.00E+00,0.00E+00,0.00E+00,0.00E+00,1.20E-03,4.00E-04,1.80E-03,0.00E+00,0.00E+00,0.00E+00,1.00E-03,3.80E-03,4.00E-04,8.00E-04,0.00E+00,0.00E+00,0.00E+00,2.00E-04,0.00E+00,1.00E-03,2.00E-04
control,0.00E+00,0.00E+00,0.00E+00,0.00E+00,0.00E+00,0.00E+00,0.00E+00,0.00E+00,0.00E+00,0.00E+00,0.00E+00,0.00E+00,0.00E+00,0.00E+00,0.00E+00,3.00E-04,0.00E+00,0.00E+00,0.00E+00,0.00E+00,0.00E+00,0.00E+00,0.00E+00
control,0.00E+00,9.00E-03,0.00E+00,0.00E+00,3.00E-03,3.91E-02,2.30E-03,3.40E-03,2.73E-02,0.00E+00,6.00E-04,1.28E-02,2.70E-03,1.00E-03,4.90E-03,6.70E-03,7.30E-03,2.04E-02,5.30E-03,2.59E-02,3.15E-02,3.90E-03,1.40E-03
control,0.00E+00,0.00E+00,0.00E+00,0.00E+00,0.00E+00,0.00E+00,0.00E+00,0.00E+00,0.00E+00,0.00E+00,0.00E+00,0.00E+00,0.00E+00,0.00E+00,0.00E+00,0.00E+00,0.00E+00,0.00E+00,0.00E+00,0.00E+00,0.00E+00,0.00E+00,0.00E+00
control,0.00E+00,0.00E+00,0.00E+00,0.00E+00,0.00E+00,0.00E+00,0.00E+00,0.00E+00,0.00E+00,0.00E+00,0.00E+00,0.00E+00,0.00E+00,0.00E+00,0.00E+00,0.00E+00,0.00E+00,0.00E+00,0.00E+00,0.00E+00,0.00E+00,0.00E+00,0.00E+00
control,0.00E+00,0.00E+00,0.00E+00,0.00E+00,0.00E+00,5.00E-04,0.00E+00,0.00E+00,0.00E+00,8.00E-04,0.00E+00,0.00E+00,0.00E+00,0.00E+00,0.00E+00,0.00E+00,0.00E+00,0.00E+00,0.00E+00,0.00E+00,2.00E-04,3.00E-04,2.00E-04
control,0.00E+00,0.00E+00,0.00E+00,0.00E+00,0.00E+00,0.00E+00,0.00E+00,0.00E+00,0.00E+00,0.00E+00,0.00E+00,0.00E+00,0.00E+00,0.00E+00,0.00E+00,0.00E+00,0.00E+00,0.00E+00,0.00E+00,0.00E+00,0.00E+00,0.00E+00,0.00E+00
control,3.00E-04,9.60E-03,0.00E+00,0.00E+00,1.20E-03,0.00E+00,0.00E+00,6.40E-03,1.80E-03,6.50E-03,1.07E-02,3.21E-02,0.00E+00,0.00E+00,1.80E-03,5.00E-04,0.00E+00,1.70E-03,7.50E-03,2.20E-03,3.00E-03,0.00E+00,8.20E-03
control,0.00E+00,0.00E+00,0.00E+00,0.00E+00,0.00E+00,0.00E+00,0.00E+00,0.00E+00,0.00E+00,0.00E+00,0.00E+00,0.00E+00,0.00E+00,0.00E+00,0.00E+00,0.00E+00,0.00E+00,0.00E+00,0.00E+00,0.00E+00,0.00E+00,0.00E+00,0.00E+00
control,0.00E+00,0.00E+00,0.00E+00,0.00E+00,0.00E+00,2.60E-03,3.00E-04,0.00E+00,0.00E+00,0.00E+00,6.00E-04,0.00E+00,0.00E+00,0.00E+00,7.00E-04,3.00E-04,0.00E+00,0.00E+00,4.00E-04,0.00E+00,0.00E+00,0.00E+00,2.00E-04
control,0.00E+00,0.00E+00,0.00E+00,0.00E+00,0.00E+00,0.00E+00,0.00E+00,0.00E+00,0.00E+00,0.00E+00,0.00E+00,0.00E+00,0.00E+00,0.00E+00,0.00E+00,0.00E+00,0.00E+00,0.00E+00,0.00E+00,0.00E+00,0.00E+00,0.00E+00,0.00E+00
control,0.00E+00,0.00E+00,0.00E+00,0.00E+00,0.00E+00,0.00E+00,0.00E+00,0.00E+00,0.00E+00,0.00E+00,0.00E+00,0.00E+00,0.00E+00,0.00E+00,0.00E+00,0.00E+00,0.00E+00,0.00E+00,0.00E+00,0.00E+00,0.00E+00,0.00E+00,0.00E+00
control,0.00E+00,0.00E+00,0.00E+00,0.00E+00,0.00E+00,0.00E+00,0.00E+00,0.00E+00,0.00E+00,0.00E+00,0.00E+00,3.00E-04,0.00E+00,0.00E+00,0.00E+00,0.00E+00,0.00E+00,0.00E+00,0.00E+00,0.00E+00,0.00E+00,0.00E+00,0.00E+00
control,0.00E+00,0.00E+00,0.00E+00,0.00E+00,0.00E+00,0.00E+00,1.20E-03,0.00E+00,0.00E+00,0.00E+00,0.00E+00,0.00E+00,0.00E+00,0.00E+00,0.00E+00,0.00E+00,0.00E+00,0.00E+00,0.00E+00,0.00E+00,0.00E+00,0.00E+00,0.00E+00
control,0.00E+00,0.00E+00,0.00E+00,0.00E+00,0.00E+00,0.00E+00,0.00E+00,0.00E+00,0.00E+00,0.00E+00,0.00E+00,0.00E+00,0.00E+00,0.00E+00,0.00E+00,0.00E+00,0.00E+00,0.00E+00,0.00E+00,0.00E+00,0.00E+00,0.00E+00,0.00E+00
control,0.00E+00,0.00E+00,0.00E+00,0.00E+00,2.40E-03,0.00E+00,9.10E-03,2.10E-03,0.00E+00,0.00E+00,0.00E+00,0.00E+00,0.00E+00,1.06E-02,4.00E-03,4.60E-03,4.90E-03,1.50E-03,5.00E-03,1.43E-02,0.00E+00,2.40E-03,2.11E-02
control,0.00E+00,0.00E+00,0.00E+00,0.00E+00,0.00E+00,2.21E-02,0.00E+00,0.00E+00,0.00E+00,0.00E+00,0.00E+00,0.00E+00,0.00E+00,0.00E+00,0.00E+00,0.00E+00,0.00E+00,0.00E+00,0.00E+00,0.00E+00,0.00E+00,0.00E+00,0.00E+00
control,0.00E+00,0.00E+00,0.00E+00,0.00E+00,0.00E+00,0.00E+00,0.00E+00,0.00E+00,0.00E+00,0.00E+00,0.00E+00,0.00E+00,0.00E+00,0.00E+00,0.00E+00,0.00E+00,0.00E+00,0.00E+00,0.00E+00,0.00E+00,0.00E+00,0.00E+00,0.00E+00
control,0.00E+00,0.00E+00,0.00E+00,0.00E+00,0.00E+00,0.00E+00,5.00E-03,0.00E+00,0.00E+00,0.00E+00,0.00E+00,0.00E+00,0.00E+00,2.88E-02,0.00E+00,0.00E+00,0.00E+00,0.00E+00,0.00E+00,0.00E+00,0.00E+00,0.00E+00,0.00E+00
control,3.00E-04,0.00E+00,0.00E+00,7.00E-04,0.00E+00,0.00E+00,0.00E+00,4.70E-03,9.00E-04,0.00E+00,0.00E+00,0.00E+00,0.00E+00,0.00E+00,0.00E+00,0.00E+00,0.00E+00,0.00E+00,0.00E+00,0.00E+00,0.00E+00,0.00E+00,0.00E+00
control,0.00E+00,0.00E+00,0.00E+00,0.00E+00,0.00E+00,0.00E+00,0.00E+00,0.00E+00,0.00E+00,0.00E+00,0.00E+00,0.00E+00,0.00E+00,0.00E+00,0.00E+00,0.00E+00,0.00E+00,0.00E+00,0.00E+00,0.00E+00,0.00E+00,0.00E+00,0.00E+00
control,0.00E+00,1.21E-02,0.00E+00,0.00E+00,0.00E+00,0.00E+00,2.70E-02,8.00E-03,8.80E-03,1.10E-02,0.00E+00,1.93E-02,0.00E+00,0.00E+00,0.00E+00,1.61E-02,0.00E+00,0.00E+00,0.00E+00,5.20E-03,0.00E+00,0.00E+00,1.60E-02
control,0.00E+00,0.00E+00,0.00E+00,0.00E+00,0.00E+00,0.00E+00,0.00E+00,0.00E+00,0.00E+00,0.00E+00,0.00E+00,0.00E+00,0.00E+00,0.00E+00,0.00E+00,0.00E+00,0.00E+00,0.00E+00,0.00E+00,0.00E+00,0.00E+00,0.00E+00,0.00E+00
control,0.00E+00,0.00E+00,0.00E+00,0.00E+00,0.00E+00,0.00E+00,0.00E+00,0.00E+00,0.00E+00,0.00E+00,0.00E+00,0.00E+00,0.00E+00,0.00E+00,0.00E+00,0.00E+00,0.00E+00,2.00E-04,0.00E+00,0.00E+00,0.00E+00,0.00E+00,0.00E+00
control,0.00E+00,0.00E+00,0.00E+00,0.00E+00,0.00E+00,0.00E+00,0.00E+00,0.00E+00,0.00E+00,0.00E+00,0.00E+00,0.00E+00,0.00E+00,0.00E+00,0.00E+00,0.00E+00,0.00E+00,0.00E+00,0.00E+00,0.00E+00,0.00E+00,0.00E+00,0.00E+00
control,0.00E+00,0.00E+00,0.00E+00,0.00E+00,0.00E+00,0.00E+00,0.00E+00,0.00E+00,0.00E+00,0.00E+00,0.00E+00,0.00E+00,0.00E+00,0.00E+00,0.00E+00,0.00E+00,0.00E+00,0.00E+00,0.00E+00,0.00E+00,0.00E+00,0.00E+00,0.00E+00
control,0.00E+00,0.00E+00,0.00E+00,0.00E+00,0.00E+00,0.00E+00,0.00E+00,0.00E+00,0.00E+00,0.00E+00,0.00E+00,0.00E+00,0.00E+00,0.00E+00,0.00E+00,0.00E+00,0.00E+00,0.00E+00,0.00E+00,0.00E+00,0.00E+00,0.00E+00,0.00E+00
control,0.00E+00,0.00E+00,0.00E+00,0.00E+00,0.00E+00,0.00E+00,0.00E+00,0.00E+00,0.00E+00,0.00E+00,0.00E+00,0.00E+00,0.00E+00,0.00E+00,0.00E+00,0.00E+00,0.00E+00,0.00E+00,0.00E+00,0.00E+00,0.00E+00,0.00E+00,0.00E+00
control,0.00E+00,0.00E+00,0.00E+00,0.00E+00,0.00E+00,0.00E+00,0.00E+00,0.00E+00,0.00E+00,0.00E+00,0.00E+00,0.00E+00,0.00E+00,0.00E+00,0.00E+00,0.00E+00,0.00E+00,0.00E+00,0.00E+00,0.00E+00,0.00E+00,0.00E+00,0.00E+00
control,0.00E+00,1.70E-03,0.00E+00,2.00E-04,1.12E-01,4.79E-02,6.40E-03,2.50E-03,1.41E-02,4.00E-04,0.00E+00,3.40E-03,4.00E-03,4.80E-03,0.00E+00,3.10E-03,4.10E-03,6.00E-04,1.23E-02,1.20E-03,3.00E-04,5.00E-04,6.60E-03
control,0.00E+00,2.00E-04,0.00E+00,0.00E+00,0.00E+00,1.50E-03,9.00E-04,0.00E+00,0.00E+00,0.00E+00,1.10E-03,2.10E-03,1.01E-02,1.00E-03,0.00E+00,2.00E-02,0.00E+00,0.00E+00,2.00E-04,0.00E+00,5.00E-04,3.00E-04,5.00E-04
control,0.00E+00,0.00E+00,0.00E+00,0.00E+00,0.00E+00,0.00E+00,3.00E-04,0.00E+00,0.00E+00,0.00E+00,0.00E+00,0.00E+00,0.00E+00,0.00E+00,0.00E+00,0.00E+00,0.00E+00,0.00E+00,0.00E+00,0.00E+00,0.00E+00,0.00E+00,0.00E+00
control,0.00E+00,2.50E-03,0.00E+00,2.00E-04,3.00E-03,8.20E-03,1.23E-02,4.70E-03,3.50E-03,7.30E-03,4.50E-03,4.90E-03,2.70E-03,2.90E-03,2.15E-02,1.00E-02,8.10E-03,1.92E-02,1.71E-02,3.60E-03,3.30E-03,4.10E-03,9.60E-03
control,0.00E+00,0.00E+00,0.00E+00,0.00E+00,6.00E-04,5.00E-04,0.00E+00,0.00E+00,0.00E+00,4.00E-04,0.00E+00,1.50E-03,3.00E-04,0.00E+00,0.00E+00,5.00E-04,8.00E-04,0.00E+00,0.00E+00,0.00E+00,0.00E+00,2.00E-04,2.00E-04
control,0.00E+00,0.00E+00,0.00E+00,0.00E+00,0.00E+00,0.00E+00,0.00E+00,0.00E+00,0.00E+00,0.00E+00,0.00E+00,0.00E+00,0.00E+00,1.00E-03,0.00E+00,0.00E+00,0.00E+00,0.00E+00,0.00E+00,0.00E+00,0.00E+00,0.00E+00,0.00E+00
control,2.20E-03,0.00E+00,4.00E-04,2.91E-02,0.00E+00,0.00E+00,0.00E+00,0.00E+00,0.00E+00,0.00E+00,0.00E+00,0.00E+00,0.00E+00,0.00E+00,0.00E+00,0.00E+00,0.00E+00,0.00E+00,0.00E+00,0.00E+00,0.00E+00,0.00E+00,0.00E+00
control,0.00E+00,0.00E+00,0.00E+00,0.00E+00,0.00E+00,0.00E+00,0.00E+00,0.00E+00,0.00E+00,0.00E+00,0.00E+00,0.00E+00,0.00E+00,0.00E+00,0.00E+00,0.00E+00,0.00E+00,0.00E+00,0.00E+00,0.00E+00,0.00E+00,0.00E+00,0.00E+00
control,0.00E+00,0.00E+00,0.00E+00,0.00E+00,0.00E+00,0.00E+00,0.00E+00,0.00E+00,0.00E+00,0.00E+00,0.00E+00,0.00E+00,0.00E+00,0.00E+00,0.00E+00,0.00E+00,0.00E+00,0.00E+00,0.00E+00,0.00E+00,0.00E+00,0.00E+00,0.00E+00
control,0.00E+00,0.00E+00,0.00E+00,0.00E+00,0.00E+00,0.00E+00,6.00E-04,0.00E+00,0.00E+00,4.00E-04,0.00E+00,0.00E+00,0.00E+00,0.00E+00,4.00E-04,0.00E+00,0.00E+00,6.00E-04,0.00E+00,0.00E+00,0.00E+00,0.00E+00,2.00E-04
control,0.00E+00,0.00E+00,0.00E+00,0.00E+00,0.00E+00,0.00E+00,0.00E+00,0.00E+00,0.00E+00,0.00E+00,0.00E+00,0.00E+00,0.00E+00,0.00E+00,0.00E+00,0.00E+00,0.00E+00,0.00E+00,0.00E+00,0.00E+00,0.00E+00,0.00E+00,0.00E+00
control,0.00E+00,0.00E+00,0.00E+00,0.00E+00,0.00E+00,0.00E+00,0.00E+00,0.00E+00,0.00E+00,0.00E+00,0.00E+00,0.00E+00,0.00E+00,0.00E+00,0.00E+00,0.00E+00,0.00E+00,0.00E+00,0.00E+00,0.00E+00,5.00E-04,0.00E+00,0.00E+00
control,0.00E+00,0.00E+00,0.00E+00,0.00E+00,4.30E-03,2.93E-02,0.00E+00,8.00E-04,0.00E+00,2.00E-03,0.00E+00,9.50E-03,0.00E+00,1.90E-03,5.80E-02,3.10E-03,7.00E-03,2.00E-04,0.00E+00,8.00E-04,0.00E+00,0.00E+00,0.00E+00
control,0.00E+00,3.60E-03,0.00E+00,0.00E+00,1.20E-03,2.60E-03,0.00E+00,4.00E-04,1.80E-03,0.00E+00,0.00E+00,3.00E-04,7.00E-04,0.00E+00,0.00E+00,5.00E-04,5.00E-04,9.00E-04,7.00E-04,0.00E+00,3.00E-04,2.00E-04,0.00E+00
control,0.00E+00,0.00E+00,0.00E+00,0.00E+00,0.00E+00,0.00E+00,0.00E+00,0.00E+00,0.00E+00,0.00E+00,0.00E+00,0.00E+00,0.00E+00,0.00E+00,0.00E+00,0.00E+00,0.00E+00,0.00E+00,0.00E+00,0.00E+00,0.00E+00,0.00E+00,0.00E+00
control,0.00E+00,0.00E+00,0.00E+00,0.00E+00,0.00E+00,0.00E+00,0.00E+00,0.00E+00,0.00E+00,0.00E+00,0.00E+00,0.00E+00,0.00E+00,0.00E+00,0.00E+00,0.00E+00,0.00E+00,0.00E+00,0.00E+00,0.00E+00,0.00E+00,0.00E+00,0.00E+00
control,1.45E-02,0.00E+00,0.00E+00,1.62E-02,6.00E-04,5.00E-04,0.00E+00,0.00E+00,0.00E+00,2.80E-03,0.00E+00,0.00E+00,0.00E+00,0.00E+00,0.00E+00,0.00E+00,0.00E+00,6.00E-04,0.00E+00,0.00E+00,2.20E-03,0.00E+00,0.00E+00
control,0.00E+00,0.00E+00,0.00E+00,0.00E+00,1.20E-03,5.00E-04,3.00E-04,0.00E+00,1.50E-02,0.00E+00,0.00E+00,2.40E-03,0.00E+00,1.25E-02,0.00E+00,3.00E-04,2.70E-03,3.60E-03,2.00E-03,2.00E-04,5.00E-04,0.00E+00,4.00E-04
control,0.00E+00,0.00E+00,0.00E+00,0.00E+00,0.00E+00,0.00E+00,0.00E+00,0.00E+00,0.00E+00,0.00E+00,0.00E+00,0.00E+00,0.00E+00,0.00E+00,0.00E+00,0.00E+00,0.00E+00,0.00E+00,0.00E+00,0.00E+00,2.00E-04,0.00E+00,0.00E+00
control,0.00E+00,7.00E-03,0.00E+00,0.00E+00,3.70E-03,6.20E-03,3.19E-02,2.37E-02,0.00E+00,9.80E-03,2.14E-02,2.84E-02,1.01E-01,1.06E-02,7.80E-03,3.46E-02,3.25E-02,5.50E-03,5.38E-02,3.60E-03,0.00E+00,1.39E-02,2.24E-02
control,0.00E+00,0.00E+00,0.00E+00,0.00E+00,0.00E+00,0.00E+00,3.00E-04,0.00E+00,0.00E+00,0.00E+00,0.00E+00,0.00E+00,0.00E+00,0.00E+00,0.00E+00,0.00E+00,0.00E+00,0.00E+00,0.00E+00,0.00E+00,0.00E+00,0.00E+00,0.00E+00
control,0.00E+00,0.00E+00,0.00E+00,0.00E+00,0.00E+00,0.00E+00,4.70E-03,0.00E+00,0.00E+00,0.00E+00,0.00E+00,0.00E+00,0.00E+00,0.00E+00,0.00E+00,0.00E+00,3.00E-04,6.00E-04,2.00E-04,0.00E+00,0.00E+00,0.00E+00,0.00E+00
control,0.00E+00,0.00E+00,0.00E+00,0.00E+00,0.00E+00,0.00E+00,0.00E+00,0.00E+00,0.00E+00,0.00E+00,0.00E+00,0.00E+00,0.00E+00,0.00E+00,0.00E+00,0.00E+00,0.00E+00,9.00E-04,0.00E+00,2.00E-04,0.00E+00,0.00E+00,0.00E+00
control,0.00E+00,0.00E+00,0.00E+00,0.00E+00,0.00E+00,0.00E+00,0.00E+00,0.00E+00,0.00E+00,0.00E+00,0.00E+00,0.00E+00,0.00E+00,0.00E+00,0.00E+00,0.00E+00,0.00E+00,0.00E+00,0.00E+00,0.00E+00,0.00E+00,0.00E+00,0.00E+00
control,0.00E+00,0.00E+00,0.00E+00,0.00E+00,0.00E+00,0.00E+00,0.00E+00,0.00E+00,0.00E+00,0.00E+00,0.00E+00,0.00E+00,0.00E+00,0.00E+00,0.00E+00,0.00E+00,0.00E+00,0.00E+00,0.00E+00,0.00E+00,0.00E+00,0.00E+00,0.00E+00
control,0.00E+00,0.00E+00,0.00E+00,0.00E+00,0.00E+00,0.00E+00,0.00E+00,0.00E+00,0.00E+00,0.00E+00,0.00E+00,0.00E+00,0.00E+00,0.00E+00,0.00E+00,0.00E+00,0.00E+00,0.00E+00,0.00E+00,0.00E+00,0.00E+00,0.00E+00,0.00E+00
control,0.00E+00,2.00E-03,4.00E-04,4.50E-03,1.40E-02,1.34E-02,9.00E-04,4.00E-04,2.60E-03,8.00E-04,0.00E+00,8.60E-03,3.00E-04,0.00E+00,9.00E-04,5.00E-04,7.00E-03,1.83E-01,1.60E-03,8.00E-04,2.70E-03,2.00E-04,7.00E-04
control,0.00E+00,0.00E+00,0.00E+00,0.00E+00,0.00E+00,0.00E+00,0.00E+00,0.00E+00,0.00E+00,0.00E+00,0.00E+00,0.00E+00,3.00E-04,0.00E+00,0.00E+00,0.00E+00,0.00E+00,0.00E+00,0.00E+00,0.00E+00,2.00E-04,0.00E+00,0.00E+00
control,2.97E-01,1.20E-03,1.70E-03,4.62E-01,3.00E-03,5.00E-04,9.00E-04,0.00E+00,9.00E-04,2.36E-02,0.00E+00,0.00E+00,0.00E+00,2.69E-02,0.00E+00,0.00E+00,7.90E-03,2.28E-02,9.00E-04,1.00E-03,7.21E-02,0.00E+00,2.10E-03
control,0.00E+00,0.00E+00,0.00E+00,0.00E+00,6.00E-04,0.00E+00,0.00E+00,0.00E+00,0.00E+00,0.00E+00,0.00E+00,0.00E+00,0.00E+00,0.00E+00,0.00E+00,0.00E+00,0.00E+00,0.00E+00,0.00E+00,0.00E+00,0.00E+00,0.00E+00,0.00E+00
control,0.00E+00,1.00E-03,0.00E+00,0.00E+00,2.40E-03,0.00E+00,1.67E-02,0.00E+00,0.00E+00,0.00E+00,0.00E+00,0.00E+00,0.00E+00,0.00E+00,0.00E+00,0.00E+00,0.00E+00,4.00E-04,0.00E+00,1.20E-03,1.30E-03,0.00E+00,0.00E+00
control,0.00E+00,0.00E+00,0.00E+00,0.00E+00,0.00E+00,0.00E+00,0.00E+00,0.00E+00,0.00E+00,0.00E+00,0.00E+00,0.00E+00,0.00E+00,0.00E+00,0.00E+00,0.00E+00,0.00E+00,0.00E+00,0.00E+00,0.00E+00,0.00E+00,0.00E+00,0.00E+00
control,0.00E+00,0.00E+00,0.00E+00,0.00E+00,0.00E+00,0.00E+00,0.00E+00,0.00E+00,0.00E+00,0.00E+00,0.00E+00,0.00E+00,0.00E+00,0.00E+00,0.00E+00,0.00E+00,0.00E+00,0.00E+00,0.00E+00,0.00E+00,0.00E+00,0.00E+00,0.00E+00
control,0.00E+00,0.00E+00,0.00E+00,1.00E-03,0.00E+00,0.00E+00,9.00E-04,0.00E+00,0.00E+00,0.00E+00,0.00E+00,0.00E+00,0.00E+00,0.00E+00,0.00E+00,0.00E+00,0.00E+00,0.00E+00,0.00E+00,0.00E+00,0.00E+00,0.00E+00,0.00E+00
disease,0.00E+00,0.00E+00,0.00E+00,0.00E+00,0.00E+00,0.00E+00,0.00E+00,0.00E+00,0.00E+00,0.00E+00,0.00E+00,0.00E+00,0.00E+00,0.00E+00,0.00E+00,0.00E+00,0.00E+00,0.00E+00,0.00E+00,0.00E+00,0.00E+00,0.00E+00,1.00E-03
disease,0.00E+00,0.00E+00,0.00E+00,0.00E+00,0.00E+00,0.00E+00,0.00E+00,0.00E+00,0.00E+00,0.00E+00,0.00E+00,0.00E+00,0.00E+00,0.00E+00,0.00E+00,0.00E+00,0.00E+00,0.00E+00,0.00E+00,0.00E+00,0.00E+00,0.00E+00,0.00E+00
disease,0.00E+00,0.00E+00,0.00E+00,0.00E+00,0.00E+00,0.00E+00,0.00E+00,0.00E+00,0.00E+00,0.00E+00,0.00E+00,0.00E+00,0.00E+00,0.00E+00,0.00E+00,0.00E+00,0.00E+00,0.00E+00,0.00E+00,0.00E+00,0.00E+00,0.00E+00,0.00E+00
disease,0.00E+00,0.00E+00,0.00E+00,0.00E+00,0.00E+00,1.90E-03,0.00E+00,0.00E+00,4.00E-03,0.00E+00,0.00E+00,0.00E+00,2.87E-02,0.00E+00,0.00E+00,0.00E+00,3.00E-04,0.00E+00,0.00E+00,0.00E+00,2.70E-03,0.00E+00,0.00E+00
disease,0.00E+00,0.00E+00,0.00E+00,0.00E+00,0.00E+00,0.00E+00,0.00E+00,0.00E+00,0.00E+00,0.00E+00,0.00E+00,0.00E+00,0.00E+00,0.00E+00,0.00E+00,0.00E+00,3.00E-04,3.50E-03,0.00E+00,0.00E+00,3.00E-04,0.00E+00,3.50E-03
disease,0.00E+00,0.00E+00,0.00E+00,0.00E+00,0.00E+00,0.00E+00,6.90E-03,0.00E+00,0.00E+00,0.00E+00,0.00E+00,0.00E+00,0.00E+00,0.00E+00,1.40E-03,0.00E+00,0.00E+00,0.00E+00,0.00E+00,0.00E+00,0.00E+00,0.00E+00,6.00E-04
disease,0.00E+00,0.00E+00,0.00E+00,2.30E-03,3.40E-03,1.30E-03,5.51E-02,0.00E+00,0.00E+00,1.00E-03,0.00E+00,2.00E-04,0.00E+00,4.96E-02,3.60E-03,0.00E+00,1.20E-03,0.00E+00,4.10E-03,0.00E+00,3.00E-04,0.00E+00,2.70E-03
disease,0.00E+00,0.00E+00,0.00E+00,0.00E+00,0.00E+00,0.00E+00,0.00E+00,0.00E+00,0.00E+00,0.00E+00,0.00E+00,4.00E-04,0.00E+00,0.00E+00,3.60E-03,0.00E+00,4.00E-04,0.00E+00,0.00E+00,0.00E+00,0.00E+00,0.00E+00,0.00E+00
disease,0.00E+00,0.00E+00,0.00E+00,0.00E+00,0.00E+00,0.00E+00,0.00E+00,0.00E+00,0.00E+00,0.00E+00,0.00E+00,0.00E+00,0.00E+00,0.00E+00,0.00E+00,0.00E+00,0.00E+00,0.00E+00,0.00E+00,0.00E+00,0.00E+00,0.00E+00,0.00E+00
disease,0.00E+00,0.00E+00,0.00E+00,0.00E+00,0.00E+00,0.00E+00,0.00E+00,0.00E+00,0.00E+00,0.00E+00,0.00E+00,0.00E+00,0.00E+00,0.00E+00,0.00E+00,0.00E+00,3.00E-04,0.00E+00,1.10E-03,0.00E+00,0.00E+00,0.00E+00,1.30E-03
disease,4.00E-04,0.00E+00,0.00E+00,0.00E+00,0.00E+00,0.00E+00,3.44E-02,0.00E+00,5.00E-04,0.00E+00,0.00E+00,2.00E-04,3.00E-04,0.00E+00,1.40E-03,2.00E-04,0.00E+00,0.00E+00,2.00E-04,0.00E+00,1.00E-04,0.00E+00,2.60E-03
disease,0.00E+00,0.00E+00,0.00E+00,1.20E-03,0.00E+00,0.00E+00,1.70E-03,0.00E+00,0.00E+00,0.00E+00,0.00E+00,0.00E+00,0.00E+00,0.00E+00,0.00E+00,0.00E+00,0.00E+00,0.00E+00,4.00E-04,0.00E+00,0.00E+00,0.00E+00,0.00E+00
disease,0.00E+00,0.00E+00,0.00E+00,0.00E+00,1.70E-03,0.00E+00,5.20E-03,0.00E+00,0.00E+00,0.00E+00,0.00E+00,0.00E+00,0.00E+00,0.00E+00,0.00E+00,0.00E+00,0.00E+00,0.00E+00,0.00E+00,0.00E+00,0.00E+00,0.00E+00,2.00E-04
disease,0.00E+00,0.00E+00,0.00E+00,0.00E+00,0.00E+00,0.00E+00,0.00E+00,0.00E+00,0.00E+00,0.00E+00,0.00E+00,0.00E+00,0.00E+00,0.00E+00,0.00E+00,0.00E+00,0.00E+00,0.00E+00,0.00E+00,0.00E+00,0.00E+00,0.00E+00,0.00E+00
disease,0.00E+00,0.00E+00,0.00E+00,0.00E+00,0.00E+00,0.00E+00,0.00E+00,0.00E+00,0.00E+00,0.00E+00,0.00E+00,0.00E+00,0.00E+00,0.00E+00,0.00E+00,0.00E+00,0.00E+00,8.00E-04,0.00E+00,0.00E+00,5.00E-04,0.00E+00,0.00E+00
disease,0.00E+00,0.00E+00,0.00E+00,0.00E+00,0.00E+00,6.00E-04,0.00E+00,5.00E-04,3.00E-03,3.00E-03,2.00E-04,0.00E+00,1.70E-03,1.70E-03,0.00E+00,0.00E+00,4.50E-03,5.00E-04,0.00E+00,0.00E+00,1.00E-03,0.00E+00,0.00E+00
disease,0.00E+00,0.00E+00,0.00E+00,0.00E+00,0.00E+00,0.00E+00,0.00E+00,0.00E+00,0.00E+00,0.00E+00,0.00E+00,0.00E+00,0.00E+00,0.00E+00,0.00E+00,0.00E+00,0.00E+00,0.00E+00,0.00E+00,0.00E+00,0.00E+00,0.00E+00,0.00E+00
disease,0.00E+00,0.00E+00,0.00E+00,0.00E+00,0.00E+00,0.00E+00,0.00E+00,0.00E+00,0.00E+00,0.00E+00,0.00E+00,0.00E+00,0.00E+00,0.00E+00,0.00E+00,0.00E+00,0.00E+00,0.00E+00,0.00E+00,0.00E+00,0.00E+00,0.00E+00,0.00E+00
disease,0.00E+00,0.00E+00,0.00E+00,0.00E+00,0.00E+00,0.00E+00,0.00E+00,0.00E+00,0.00E+00,0.00E+00,0.00E+00,0.00E+00,0.00E+00,0.00E+00,0.00E+00,0.00E+00,0.00E+00,0.00E+00,0.00E+00,0.00E+00,1.00E-04,0.00E+00,0.00E+00
disease,0.00E+00,0.00E+00,0.00E+00,0.00E+00,0.00E+00,0.00E+00,0.00E+00,5.00E-04,0.00E+00,0.00E+00,0.00E+00,2.00E-04,0.00E+00,6.00E-04,2.20E-03,0.00E+00,0.00E+00,0.00E+00,3.74E-02,0.00E+00,0.00E+00,0.00E+00,7.80E-03
disease,0.00E+00,0.00E+00,0.00E+00,0.00E+00,0.00E+00,0.00E+00,0.00E+00,0.00E+00,0.00E+00,0.00E+00,0.00E+00,2.00E-04,0.00E+00,0.00E+00,0.00E+00,0.00E+00,0.00E+00,0.00E+00,0.00E+00,0.00E+00,0.00E+00,0.00E+00,0.00E+00
disease,0.00E+00,0.00E+00,0.00E+00,0.00E+00,9.00E-04,0.00E+00,1.72E-02,1.90E-03,0.00E+00,0.00E+00,6.00E-04,0.00E+00,1.50E-03,0.00E+00,0.00E+00,2.00E-04,0.00E+00,0.00E+00,0.00E+00,0.00E+00,0.00E+00,0.00E+00,0.00E+00
disease,0.00E+00,0.00E+00,0.00E+00,0.00E+00,0.00E+00,0.00E+00,0.00E+00,0.00E+00,0.00E+00,0.00E+00,0.00E+00,0.00E+00,0.00E+00,0.00E+00,0.00E+00,0.00E+00,0.00E+00,0.00E+00,0.00E+00,0.00E+00,0.00E+00,0.00E+00,0.00E+00
disease,0.00E+00,0.00E+00,0.00E+00,0.00E+00,0.00E+00,0.00E+00,0.00E+00,0.00E+00,0.00E+00,0.00E+00,0.00E+00,0.00E+00,0.00E+00,0.00E+00,0.00E+00,0.00E+00,0.00E+00,0.00E+00,0.00E+00,0.00E+00,0.00E+00,0.00E+00,0.00E+00
disease,2.67E-02,4.50E-03,1.90E-03,4.00E-01,5.48E-01,1.93E-01,1.72E-02,4.55E-01,4.35E-01,2.93E-01,5.79E-01,2.82E-01,3.10E-01,3.43E-01,2.17E-01,2.36E-01,3.67E-01,5.75E-01,5.88E-02,6.20E-03,2.79E-01,3.91E-01,2.60E-03
disease,0.00E+00,0.00E+00,0.00E+00,0.00E+00,0.00E+00,0.00E+00,0.00E+00,0.00E+00,0.00E+00,0.00E+00,0.00E+00,0.00E+00,0.00E+00,0.00E+00,0.00E+00,0.00E+00,0.00E+00,0.00E+00,0.00E+00,1.00E-04,0.00E+00,0.00E+00,0.00E+00
disease,0.00E+00,0.00E+00,0.00E+00,6.00E-04,0.00E+00,0.00E+00,0.00E+00,0.00E+00,0.00E+00,3.00E-04,2.30E-03,0.00E+00,0.00E+00,4.00E-04,7.00E-04,0.00E+00,6.00E-04,0.00E+00,0.00E+00,0.00E+00,0.00E+00,0.00E+00,5.00E-04
disease,0.00E+00,0.00E+00,0.00E+00,0.00E+00,0.00E+00,0.00E+00,0.00E+00,0.00E+00,0.00E+00,0.00E+00,0.00E+00,0.00E+00,0.00E+00,0.00E+00,0.00E+00,0.00E+00,0.00E+00,0.00E+00,0.00E+00,0.00E+00,0.00E+00,0.00E+00,0.00E+00
disease,0.00E+00,0.00E+00,0.00E+00,0.00E+00,0.00E+00,0.00E+00,0.00E+00,0.00E+00,0.00E+00,0.00E+00,0.00E+00,0.00E+00,0.00E+00,0.00E+00,0.00E+00,0.00E+00,0.00E+00,0.00E+00,7.00E-04,0.00E+00,0.00E+00,0.00E+00,0.00E+00
disease,0.00E+00,0.00E+00,0.00E+00,2.07E-02,0.00E+00,0.00E+00,0.00E+00,1.40E-03,0.00E+00,1.30E-03,2.00E-04,2.90E-03,3.00E-04,0.00E+00,7.00E-04,3.10E-03,0.00E+00,4.24E-02,2.00E-04,0.00E+00,0.00E+00,4.27E-02,0.00E+00
disease,0.00E+00,0.00E+00,0.00E+00,0.00E+00,0.00E+00,0.00E+00,0.00E+00,0.00E+00,0.00E+00,0.00E+00,0.00E+00,0.00E+00,0.00E+00,0.00E+00,0.00E+00,0.00E+00,0.00E+00,0.00E+00,0.00E+00,0.00E+00,0.00E+00,0.00E+00,0.00E+00
disease,0.00E+00,0.00E+00,0.00E+00,0.00E+00,0.00E+00,0.00E+00,0.00E+00,0.00E+00,0.00E+00,0.00E+00,0.00E+00,0.00E+00,0.00E+00,0.00E+00,0.00E+00,0.00E+00,0.00E+00,0.00E+00,0.00E+00,0.00E+00,0.00E+00,0.00E+00,0.00E+00
disease,0.00E+00,0.00E+00,0.00E+00,0.00E+00,0.00E+00,0.00E+00,8.60E-03,0.00E+00,0.00E+00,0.00E+00,0.00E+00,0.00E+00,0.00E+00,0.00E+00,3.60E-03,0.00E+00,4.03E-02,0.00E+00,4.00E-04,0.00E+00,0.00E+00,0.00E+00,0.00E+00
disease,0.00E+00,0.00E+00,0.00E+00,0.00E+00,0.00E+00,0.00E+00,0.00E+00,0.00E+00,2.00E-03,0.00E+00,0.00E+00,0.00E+00,0.00E+00,0.00E+00,0.00E+00,0.00E+00,0.00E+00,3.00E-04,0.00E+00,0.00E+00,0.00E+00,0.00E+00,0.00E+00
disease,0.00E+00,0.00E+00,0.00E+00,0.00E+00,0.00E+00,0.00E+00,0.00E+00,0.00E+00,0.00E+00,0.00E+00,0.00E+00,0.00E+00,0.00E+00,0.00E+00,0.00E+00,0.00E+00,0.00E+00,0.00E+00,0.00E+00,0.00E+00,0.00E+00,0.00E+00,0.00E+00
disease,0.00E+00,0.00E+00,0.00E+00,0.00E+00,0.00E+00,0.00E+00,0.00E+00,0.00E+00,0.00E+00,0.00E+00,0.00E+00,0.00E+00,0.00E+00,0.00E+00,0.00E+00,0.00E+00,0.00E+00,0.00E+00,0.00E+00,0.00E+00,0.00E+00,0.00E+00,2.00E-04
disease,0.00E+00,0.00E+00,0.00E+00,0.00E+00,0.00E+00,0.00E+00,0.00E+00,0.00E+00,0.00E+00,0.00E+00,0.00E+00,0.00E+00,0.00E+00,0.00E+00,0.00E+00,0.00E+00,1.00E-04,0.00E+00,9.00E-04,0.00E+00,0.00E+00,0.00E+00,0.00E+00
disease,0.00E+00,2.00E-04,0.00E+00,5.01E-02,5.20E-03,0.00E+00,0.00E+00,4.80E-03,1.00E-03,9.60E-03,3.30E-03,2.50E-03,3.90E-03,2.50E-03,9.30E-03,8.27E-02,9.50E-03,3.00E-04,9.00E-04,0.00E+00,7.80E-03,2.29E-02,0.00E+00
disease,0.00E+00,0.00E+00,0.00E+00,0.00E+00,0.00E+00,0.00E+00,0.00E+00,0.00E+00,0.00E+00,0.00E+00,2.00E-04,0.00E+00,0.00E+00,0.00E+00,0.00E+00,0.00E+00,0.00E+00,0.00E+00,0.00E+00,0.00E+00,0.00E+00,0.00E+00,0.00E+00
disease,6.30E-03,4.90E-03,0.00E+00,0.00E+00,0.00E+00,0.00E+00,0.00E+00,0.00E+00,5.00E-04,1.30E-03,4.00E-04,4.00E-04,2.00E-04,6.00E-04,1.40E-03,1.50E-03,1.00E-04,0.00E+00,6.00E-04,1.10E-03,4.00E-04,0.00E+00,8.20E-03
disease,0.00E+00,0.00E+00,0.00E+00,6.00E-04,0.00E+00,0.00E+00,1.70E-03,0.00E+00,0.00E+00,3.00E-04,0.00E+00,0.00E+00,0.00E+00,2.03E-02,1.40E-03,0.00E+00,0.00E+00,8.00E-04,6.00E-04,0.00E+00,0.00E+00,0.00E+00,0.00E+00
disease,0.00E+00,2.00E-04,0.00E+00,0.00E+00,0.00E+00,0.00E+00,0.00E+00,0.00E+00,0.00E+00,0.00E+00,0.00E+00,0.00E+00,0.00E+00,0.00E+00,0.00E+00,0.00E+00,0.00E+00,0.00E+00,0.00E+00,0.00E+00,0.00E+00,0.00E+00,0.00E+00
disease,0.00E+00,0.00E+00,0.00E+00,0.00E+00,0.00E+00,0.00E+00,0.00E+00,0.00E+00,0.00E+00,0.00E+00,0.00E+00,0.00E+00,0.00E+00,0.00E+00,0.00E+00,0.00E+00,0.00E+00,0.00E+00,0.00E+00,0.00E+00,0.00E+00,0.00E+00,0.00E+00
disease,0.00E+00,0.00E+00,0.00E+00,0.00E+00,0.00E+00,0.00E+00,0.00E+00,0.00E+00,0.00E+00,0.00E+00,0.00E+00,0.00E+00,0.00E+00,0.00E+00,0.00E+00,0.00E+00,0.00E+00,0.00E+00,0.00E+00,0.00E+00,0.00E+00,0.00E+00,0.00E+00
disease,0.00E+00,0.00E+00,0.00E+00,0.00E+00,0.00E+00,0.00E+00,0.00E+00,0.00E+00,0.00E+00,0.00E+00,0.00E+00,0.00E+00,0.00E+00,0.00E+00,0.00E+00,0.00E+00,0.00E+00,0.00E+00,0.00E+00,0.00E+00,0.00E+00,0.00E+00,0.00E+00
disease,0.00E+00,0.00E+00,0.00E+00,6.00E-04,7.70E-03,3.20E-03,0.00E+00,4.30E-03,3.50E-03,0.00E+00,4.10E-03,8.00E-04,2.40E-03,0.00E+00,0.00E+00,9.00E-04,0.00E+00,3.80E-03,2.00E-04,0.00E+00,2.70E-03,2.20E-03,0.00E+00
disease,0.00E+00,0.00E+00,0.00E+00,0.00E+00,0.00E+00,0.00E+00,0.00E+00,0.00E+00,0.00E+00,0.00E+00,0.00E+00,0.00E+00,0.00E+00,0.00E+00,0.00E+00,0.00E+00,0.00E+00,0.00E+00,0.00E+00,0.00E+00,0.00E+00,0.00E+00,0.00E+00
disease,0.00E+00,0.00E+00,0.00E+00,0.00E+00,0.00E+00,0.00E+00,0.00E+00,0.00E+00,0.00E+00,0.00E+00,0.00E+00,0.00E+00,0.00E+00,0.00E+00,0.00E+00,0.00E+00,0.00E+00,0.00E+00,0.00E+00,0.00E+00,0.00E+00,0.00E+00,0.00E+00
disease,0.00E+00,0.00E+00,0.00E+00,0.00E+00,0.00E+00,0.00E+00,0.00E+00,1.00E-03,0.00E+00,0.00E+00,0.00E+00,0.00E+00,0.00E+00,0.00E+00,0.00E+00,3.10E-03,0.00E+00,0.00E+00,0.00E+00,8.00E-04,0.00E+00,3.00E-04,0.00E+00
disease,0.00E+00,0.00E+00,0.00E+00,0.00E+00,0.00E+00,0.00E+00,0.00E+00,0.00E+00,0.00E+00,0.00E+00,0.00E+00,0.00E+00,0.00E+00,0.00E+00,0.00E+00,0.00E+00,0.00E+00,0.00E+00,0.00E+00,0.00E+00,0.00E+00,0.00E+00,0.00E+00
disease,0.00E+00,0.00E+00,0.00E+00,0.00E+00,0.00E+00,0.00E+00,1.70E-03,0.00E+00,0.00E+00,0.00E+00,0.00E+00,0.00E+00,0.00E+00,0.00E+00,0.00E+00,0.00E+00,0.00E+00,0.00E+00,0.00E+00,0.00E+00,0.00E+00,0.00E+00,0.00E+00
disease,0.00E+00,0.00E+00,0.00E+00,0.00E+00,0.00E+00,0.00E+00,0.00E+00,0.00E+00,0.00E+00,0.00E+00,0.00E+00,0.00E+00,0.00E+00,0.00E+00,0.00E+00,0.00E+00,0.00E+00,1.30E-03,0.00E+00,0.00E+00,0.00E+00,0.00E+00,0.00E+00
disease,0.00E+00,0.00E+00,0.00E+00,0.00E+00,0.00E+00,0.00E+00,0.00E+00,0.00E+00,0.00E+00,0.00E+00,0.00E+00,0.00E+00,0.00E+00,0.00E+00,0.00E+00,0.00E+00,0.00E+00,0.00E+00,0.00E+00,0.00E+00,0.00E+00,0.00E+00,0.00E+00
disease,0.00E+00,0.00E+00,0.00E+00,0.00E+00,0.00E+00,0.00E+00,0.00E+00,0.00E+00,0.00E+00,0.00E+00,0.00E+00,0.00E+00,0.00E+00,0.00E+00,0.00E+00,0.00E+00,0.00E+00,0.00E+00,0.00E+00,0.00E+00,0.00E+00,0.00E+00,0.00E+00
disease,0.00E+00,1.40E-03,0.00E+00,0.00E+00,0.00E+00,0.00E+00,6.90E-03,0.00E+00,0.00E+00,0.00E+00,0.00E+00,0.00E+00,0.00E+00,0.00E+00,0.00E+00,0.00E+00,0.00E+00,0.00E+00,0.00E+00,0.00E+00,0.00E+00,0.00E+00,0.00E+00
disease,0.00E+00,0.00E+00,0.00E+00,0.00E+00,0.00E+00,1.21E-02,0.00E+00,1.00E-03,6.00E-03,6.30E-03,6.40E-03,8.60E-03,2.00E-04,3.14E-02,2.20E-03,0.00E+00,0.00E+00,0.00E+00,0.00E+00,3.00E-04,2.30E-03,0.00E+00,0.00E+00
disease,0.00E+00,0.00E+00,0.00E+00,6.00E-04,0.00E+00,6.00E-04,0.00E+00,1.90E-03,0.00E+00,0.00E+00,0.00E+00,0.00E+00,5.20E-03,0.00E+00,0.00E+00,0.00E+00,0.00E+00,0.00E+00,4.00E-04,0.00E+00,0.00E+00,0.00E+00,0.00E+00
disease,0.00E+00,0.00E+00,0.00E+00,0.00E+00,1.46E-02,1.41E-02,0.00E+00,5.00E-04,2.04E-02,0.00E+00,0.00E+00,0.00E+00,8.40E-03,5.09E-02,2.73E-02,3.10E-03,0.00E+00,4.80E-03,9.00E-04,3.00E-04,6.87E-02,0.00E+00,0.00E+00
disease,0.00E+00,0.00E+00,0.00E+00,0.00E+00,0.00E+00,0.00E+00,0.00E+00,0.00E+00,0.00E+00,0.00E+00,6.00E-04,2.00E-04,2.00E-04,0.00E+00,0.00E+00,4.00E-04,2.40E-03,2.80E-03,0.00E+00,0.00E+00,0.00E+00,2.50E-03,0.00E+00
disease,0.00E+00,0.00E+00,0.00E+00,0.00E+00,0.00E+00,0.00E+00,0.00E+00,0.00E+00,0.00E+00,0.00E+00,0.00E+00,0.00E+00,0.00E+00,0.00E+00,0.00E+00,0.00E+00,0.00E+00,0.00E+00,0.00E+00,0.00E+00,0.00E+00,0.00E+00,0.00E+00
disease,0.00E+00,0.00E+00,0.00E+00,0.00E+00,0.00E+00,0.00E+00,0.00E+00,0.00E+00,0.00E+00,0.00E+00,0.00E+00,0.00E+00,0.00E+00,0.00E+00,0.00E+00,0.00E+00,0.00E+00,0.00E+00,0.00E+00,0.00E+00,0.00E+00,0.00E+00,0.00E+00
disease,0.00E+00,0.00E+00,0.00E+00,0.00E+00,2.60E-03,0.00E+00,1.72E-02,5.00E-04,0.00E+00,3.00E-04,0.00E+00,2.00E-04,5.00E-04,2.00E-04,1.29E-02,0.00E+00,5.00E-04,5.00E-04,3.00E-03,0.00E+00,1.00E-04,0.00E+00,6.00E-04
disease,0.00E+00,0.00E+00,0.00E+00,0.00E+00,1.70E-03,0.00E+00,0.00E+00,0.00E+00,0.00E+00,0.00E+00,0.00E+00,0.00E+00,0.00E+00,0.00E+00,0.00E+00,0.00E+00,0.00E+00,0.00E+00,2.00E-04,0.00E+00,0.00E+00,0.00E+00,0.00E+00
disease,0.00E+00,0.00E+00,0.00E+00,0.00E+00,0.00E+00,0.00E+00,0.00E+00,0.00E+00,0.00E+00,0.00E+00,0.00E+00,0.00E+00,0.00E+00,6.00E-04,0.00E+00,0.00E+00,0.00E+00,0.00E+00,0.00E+00,0.00E+00,0.00E+00,0.00E+00,0.00E+00
disease,0.00E+00,0.00E+00,0.00E+00,0.00E+00,0.00E+00,0.00E+00,0.00E+00,1.00E-03,0.00E+00,0.00E+00,0.00E+00,0.00E+00,0.00E+00,0.00E+00,0.00E+00,0.00E+00,0.00E+00,0.00E+00,0.00E+00,0.00E+00,0.00E+00,0.00E+00,0.00E+00
disease,0.00E+00,0.00E+00,4.00E-04,0.00E+00,0.00E+00,0.00E+00,0.00E+00,0.00E+00,0.00E+00,0.00E+00,0.00E+00,2.00E-04,0.00E+00,0.00E+00,0.00E+00,0.00E+00,0.00E+00,0.00E+00,0.00E+00,0.00E+00,0.00E+00,0.00E+00,0.00E+00
disease,0.00E+00,0.00E+00,4.00E-04,0.00E+00,8.60E-03,1.34E-02,6.90E-03,1.44E-02,1.99E-02,2.50E-02,0.00E+00,1.89E-02,1.50E-02,2.68E-02,5.70E-03,2.79E-01,3.99E-02,3.06E-02,1.50E-03,3.00E-04,6.60E-03,3.59E-02,0.00E+00
disease,0.00E+00,0.00E+00,0.00E+00,0.00E+00,0.00E+00,0.00E+00,0.00E+00,0.00E+00,0.00E+00,0.00E+00,0.00E+00,0.00E+00,0.00E+00,0.00E+00,0.00E+00,0.00E+00,0.00E+00,0.00E+00,0.00E+00,0.00E+00,0.00E+00,0.00E+00,0.00E+00
disease,0.00E+00,0.00E+00,0.00E+00,0.00E+00,0.00E+00,0.00E+00,0.00E+00,0.00E+00,0.00E+00,0.00E+00,0.00E+00,0.00E+00,0.00E+00,0.00E+00,0.00E+00,2.00E-04,0.00E+00,0.00E+00,0.00E+00,0.00E+00,0.00E+00,0.00E+00,0.00E+00
disease,0.00E+00,0.00E+00,0.00E+00,6.00E-04,3.40E-03,2.11E-02,0.00E+00,7.70E-03,2.59E-02,1.30E-02,8.90E-03,2.67E-02,1.60E-02,2.28E-02,3.60E-03,9.90E-03,8.60E-03,0.00E+00,2.00E-04,0.00E+00,5.40E-03,7.20E-03,0.00E+00
disease,0.00E+00,0.00E+00,8.21E-01,0.00E+00,0.00E+00,0.00E+00,0.00E+00,0.00E+00,0.00E+00,0.00E+00,0.00E+00,0.00E+00,0.00E+00,0.00E+00,5.00E-03,4.00E-04,0.00E+00,0.00E+00,0.00E+00,0.00E+00,2.30E-03,0.00E+00,0.00E+00
disease,0.00E+00,0.00E+00,0.00E+00,0.00E+00,0.00E+00,0.00E+00,0.00E+00,0.00E+00,0.00E+00,0.00E+00,0.00E+00,0.00E+00,0.00E+00,0.00E+00,0.00E+00,0.00E+00,0.00E+00,0.00E+00,0.00E+00,0.00E+00,0.00E+00,0.00E+00,3.70E-03
disease,0.00E+00,0.00E+00,0.00E+00,0.00E+00,9.00E-04,0.00E+00,5.20E-03,1.00E-03,0.00E+00,0.00E+00,0.00E+00,0.00E+00,5.00E-04,0.00E+00,2.90E-03,0.00E+00,3.00E-04,0.00E+00,0.00E+00,0.00E+00,0.00E+00,0.00E+00,2.20E-03
disease,0.00E+00,0.00E+00,0.00E+00,0.00E+00,0.00E+00,0.00E+00,0.00E+00,0.00E+00,0.00E+00,0.00E+00,0.00E+00,0.00E+00,0.00E+00,0.00E+00,0.00E+00,0.00E+00,0.00E+00,0.00E+00,0.00E+00,0.00E+00,0.00E+00,0.00E+00,0.00E+00
disease,0.00E+00,0.00E+00,4.00E-04,1.09E-02,3.40E-03,1.90E-03,0.00E+00,3.60E-02,5.00E-04,9.30E-03,5.80E-03,1.07E-02,1.11E-02,2.00E-04,0.00E+00,1.80E-03,2.60E-03,1.05E-02,4.30E-03,2.00E-04,3.00E-04,1.17E-02,0.00E+00
disease,0.00E+00,0.00E+00,0.00E+00,0.00E+00,0.00E+00,0.00E+00,0.00E+00,0.00E+00,0.00E+00,0.00E+00,0.00E+00,0.00E+00,0.00E+00,0.00E+00,0.00E+00,0.00E+00,1.00E-04,0.00E+00,0.00E+00,0.00E+00,0.00E+00,0.00E+00,0.00E+00
disease,0.00E+00,0.00E+00,0.00E+00,0.00E+00,0.00E+00,0.00E+00,0.00E+00,0.00E+00,0.00E+00,0.00E+00,0.00E+00,0.00E+00,0.00E+00,0.00E+00,0.00E+00,0.00E+00,0.00E+00,0.00E+00,0.00E+00,0.00E+00,0.00E+00,0.00E+00,0.00E+00
disease,0.00E+00,0.00E+00,0.00E+00,0.00E+00,0.00E+00,0.00E+00,0.00E+00,0.00E+00,0.00E+00,0.00E+00,0.00E+00,0.00E+00,0.00E+00,0.00E+00,0.00E+00,0.00E+00,0.00E+00,0.00E+00,0.00E+00,0.00E+00,0.00E+00,0.00E+00,0.00E+00
disease,0.00E+00,0.00E+00,0.00E+00,0.00E+00,0.00E+00,0.00E+00,0.00E+00,0.00E+00,0.00E+00,0.00E+00,0.00E+00,0.00E+00,0.00E+00,0.00E+00,0.00E+00,0.00E+00,0.00E+00,0.00E+00,0.00E+00,0.00E+00,0.00E+00,0.00E+00,0.00E+00
disease,0.00E+00,0.00E+00,0.00E+00,0.00E+00,1.55E-02,2.05E-02,0.00E+00,5.00E-04,0.00E+00,7.00E-04,4.00E-04,0.00E+00,1.16E-02,1.93E-02,0.00E+00,0.00E+00,1.43E-02,2.30E-03,0.00E+00,0.00E+00,0.00E+00,2.60E-02,0.00E+00
disease,0.00E+00,0.00E+00,0.00E+00,0.00E+00,9.00E-04,0.00E+00,0.00E+00,0.00E+00,0.00E+00,0.00E+00,0.00E+00,0.00E+00,0.00E+00,0.00E+00,0.00E+00,0.00E+00,0.00E+00,0.00E+00,0.00E+00,0.00E+00,0.00E+00,0.00E+00,0.00E+00
disease,0.00E+00,0.00E+00,0.00E+00,0.00E+00,0.00E+00,0.00E+00,0.00E+00,0.00E+00,0.00E+00,0.00E+00,0.00E+00,0.00E+00,0.00E+00,0.00E+00,0.00E+00,0.00E+00,0.00E+00,0.00E+00,0.00E+00,0.00E+00,0.00E+00,0.00E+00,0.00E+00
disease,0.00E+00,0.00E+00,0.00E+00,0.00E+00,0.00E+00,0.00E+00,0.00E+00,5.00E-04,0.00E+00,0.00E+00,0.00E+00,0.00E+00,0.00E+00,0.00E+00,0.00E+00,0.00E+00,0.00E+00,0.00E+00,0.00E+00,0.00E+00,0.00E+00,0.00E+00,0.00E+00
disease,0.00E+00,0.00E+00,0.00E+00,0.00E+00,0.00E+00,0.00E+00,0.00E+00,0.00E+00,0.00E+00,0.00E+00,0.00E+00,0.00E+00,0.00E+00,0.00E+00,0.00E+00,0.00E+00,0.00E+00,0.00E+00,0.00E+00,0.00E+00,1.00E-04,0.00E+00,0.00E+00
disease,0.00E+00,0.00E+00,0.00E+00,0.00E+00,0.00E+00,0.00E+00,0.00E+00,0.00E+00,0.00E+00,0.00E+00,0.00E+00,0.00E+00,0.00E+00,0.00E+00,0.00E+00,0.00E+00,0.00E+00,0.00E+00,0.00E+00,0.00E+00,0.00E+00,0.00E+00,2.00E-04
disease,0.00E+00,0.00E+00,0.00E+00,1.20E-03,0.00E+00,0.00E+00,1.70E-03,1.00E-03,0.00E+00,3.00E-03,0.00E+00,2.00E-04,0.00E+00,4.34E-02,4.31E-02,0.00E+00,2.70E-03,0.00E+00,1.17E-02,0.00E+00,2.20E-03,0.00E+00,5.00E-04
disease,0.00E+00,0.00E+00,0.00E+00,0.00E+00,0.00E+00,0.00E+00,0.00E+00,0.00E+00,0.00E+00,0.00E+00,0.00E+00,0.00E+00,0.00E+00,0.00E+00,0.00E+00,0.00E+00,0.00E+00,0.00E+00,0.00E+00,0.00E+00,0.00E+00,0.00E+00,0.00E+00
disease,0.00E+00,0.00E+00,0.00E+00,0.00E+00,0.00E+00,0.00E+00,0.00E+00,0.00E+00,0.00E+00,0.00E+00,0.00E+00,0.00E+00,0.00E+00,0.00E+00,0.00E+00,0.00E+00,0.00E+00,0.00E+00,0.00E+00,0.00E+00,0.00E+00,0.00E+00,0.00E+00
disease,0.00E+00,0.00E+00,0.00E+00,0.00E+00,0.00E+00,0.00E+00,0.00E+00,0.00E+00,0.00E+00,0.00E+00,0.00E+00,0.00E+00,0.00E+00,0.00E+00,0.00E+00,0.00E+00,0.00E+00,0.00E+00,0.00E+00,0.00E+00,0.00E+00,0.00E+00,0.00E+00
disease,0.00E+00,0.00E+00,0.00E+00,6.90E-03,4.30E-03,9.85E-02,3.40E-03,3.65E-02,2.54E-02,5.72E-02,6.49E-02,7.44E-02,6.49E-02,1.23E-02,0.00E+00,5.70E-03,2.47E-02,6.05E-02,3.50E-03,4.00E-04,6.84E-02,1.02E-01,1.30E-03
disease,0.00E+00,0.00E+00,0.00E+00,0.00E+00,0.00E+00,0.00E+00,0.00E+00,0.00E+00,0.00E+00,0.00E+00,0.00E+00,0.00E+00,0.00E+00,0.00E+00,0.00E+00,0.00E+00,0.00E+00,0.00E+00,4.00E-04,0.00E+00,0.00E+00,0.00E+00,0.00E+00
disease,0.00E+00,0.00E+00,0.00E+00,0.00E+00,0.00E+00,0.00E+00,0.00E+00,0.00E+00,0.00E+00,0.00E+00,0.00E+00,0.00E+00,0.00E+00,0.00E+00,0.00E+00,0.00E+00,0.00E+00,0.00E+00,0.00E+00,0.00E+00,0.00E+00,0.00E+00,0.00E+00
disease,0.00E+00,0.00E+00,0.00E+00,1.20E-03,0.00E+00,0.00E+00,0.00E+00,5.00E-04,0.00E+00,0.00E+00,0.00E+00,0.00E+00,0.00E+00,0.00E+00,0.00E+00,0.00E+00,0.00E+00,0.00E+00,0.00E+00,0.00E+00,0.00E+00,0.00E+00,0.00E+00
disease,8.00E-04,0.00E+00,0.00E+00,0.00E+00,0.00E+00,0.00E+00,0.00E+00,1.00E-03,0.00E+00,0.00E+00,0.00E+00,0.00E+00,0.00E+00,0.00E+00,1.01E-02,0.00E+00,3.00E-04,0.00E+00,4.70E-03,0.00E+00,5.01E-02,0.00E+00,0.00E+00
disease,0.00E+00,0.00E+00,0.00E+00,1.70E-03,0.00E+00,0.00E+00,0.00E+00,0.00E+00,0.00E+00,0.00E+00,0.00E+00,0.00E+00,0.00E+00,0.00E+00,0.00E+00,0.00E+00,0.00E+00,0.00E+00,0.00E+00,0.00E+00,0.00E+00,0.00E+00,5.00E-04
disease,0.00E+00,0.00E+00,0.00E+00,0.00E+00,0.00E+00,0.00E+00,3.40E-03,0.00E+00,0.00E+00,0.00E+00,0.00E+00,0.00E+00,0.00E+00,0.00E+00,0.00E+00,0.00E+00,0.00E+00,0.00E+00,4.00E-04,0.00E+00,0.00E+00,0.00E+00,4.20E-03
disease,0.00E+00,0.00E+00,0.00E+00,1.20E-03,0.00E+00,0.00E+00,0.00E+00,0.00E+00,4.00E-03,0.00E+00,0.00E+00,0.00E+00,0.00E+00,0.00E+00,0.00E+00,0.00E+00,0.00E+00,0.00E+00,8.60E-02,0.00E+00,0.00E+00,0.00E+00,0.00E+00
disease,0.00E+00,0.00E+00,0.00E+00,0.00E+00,0.00E+00,0.00E+00,0.00E+00,0.00E+00,0.00E+00,7.00E-04,0.00E+00,0.00E+00,0.00E+00,5.80E-03,0.00E+00,0.00E+00,0.00E+00,0.00E+00,0.00E+00,0.00E+00,4.10E-03,3.00E-04,0.00E+00
disease,0.00E+00,0.00E+00,0.00E+00,0.00E+00,0.00E+00,0.00E+00,0.00E+00,0.00E+00,0.00E+00,0.00E+00,0.00E+00,0.00E+00,0.00E+00,0.00E+00,0.00E+00,0.00E+00,4.00E-04,0.00E+00,0.00E+00,0.00E+00,0.00E+00,0.00E+00,0.00E+00
disease,0.00E+00,0.00E+00,0.00E+00,0.00E+00,0.00E+00,0.00E+00,0.00E+00,0.00E+00,0.00E+00,0.00E+00,0.00E+00,0.00E+00,0.00E+00,0.00E+00,0.00E+00,0.00E+00,0.00E+00,0.00E+00,0.00E+00,0.00E+00,0.00E+00,0.00E+00,0.00E+00
disease,0.00E+00,0.00E+00,0.00E+00,0.00E+00,0.00E+00,0.00E+00,0.00E+00,0.00E+00,0.00E+00,0.00E+00,0.00E+00,0.00E+00,0.00E+00,0.00E+00,0.00E+00,0.00E+00,0.00E+00,0.00E+00,0.00E+00,0.00E+00,0.00E+00,0.00E+00,0.00E+00
disease,0.00E+00,0.00E+00,0.00E+00,0.00E+00,0.00E+00,0.00E+00,0.00E+00,0.00E+00,0.00E+00,0.00E+00,0.00E+00,0.00E+00,0.00E+00,0.00E+00,0.00E+00,4.00E-04,0.00E+00,0.00E+00,0.00E+00,0.00E+00,0.00E+00,0.00E+00,0.00E+00
disease,0.00E+00,0.00E+00,0.00E+00,0.00E+00,0.00E+00,6.00E-04,0.00E+00,0.00E+00,0.00E+00,0.00E+00,0.00E+00,0.00E+00,0.00E+00,0.00E+00,0.00E+00,0.00E+00,0.00E+00,0.00E+00,0.00E+00,0.00E+00,0.00E+00,0.00E+00,0.00E+00
disease,0.00E+00,0.00E+00,0.00E+00,0.00E+00,0.00E+00,0.00E+00,0.00E+00,0.00E+00,0.00E+00,0.00E+00,0.00E+00,0.00E+00,0.00E+00,0.00E+00,0.00E+00,0.00E+00,0.00E+00,0.00E+00,0.00E+00,0.00E+00,0.00E+00,0.00E+00,0.00E+00
disease,0.00E+00,0.00E+00,0.00E+00,0.00E+00,0.00E+00,0.00E+00,0.00E+00,0.00E+00,0.00E+00,0.00E+00,0.00E+00,0.00E+00,2.00E-04,0.00E+00,0.00E+00,0.00E+00,0.00E+00,0.00E+00,0.00E+00,1.00E-04,0.00E+00,0.00E+00,0.00E+00
disease,0.00E+00,0.00E+00,0.00E+00,0.00E+00,9.00E-04,0.00E+00,0.00E+00,0.00E+00,0.00E+00,0.00E+00,0.00E+00,0.00E+00,0.00E+00,0.00E+00,0.00E+00,0.00E+00,0.00E+00,0.00E+00,0.00E+00,0.00E+00,0.00E+00,0.00E+00,0.00E+00
disease,0.00E+00,0.00E+00,0.00E+00,0.00E+00,0.00E+00,1.30E-03,0.00E+00,0.00E+00,0.00E+00,0.00E+00,0.00E+00,8.00E-04,0.00E+00,4.00E-04,0.00E+00,0.00E+00,3.00E-04,0.00E+00,0.00E+00,0.00E+00,6.00E-04,0.00E+00,0.00E+00
disease,0.00E+00,0.00E+00,0.00E+00,0.00E+00,0.00E+00,0.00E+00,0.00E+00,0.00E+00,0.00E+00,0.00E+00,0.00E+00,0.00E+00,0.00E+00,0.00E+00,0.00E+00,0.00E+00,0.00E+00,0.00E+00,0.00E+00,0.00E+00,0.00E+00,0.00E+00,0.00E+00
disease,0.00E+00,0.00E+00,0.00E+00,0.00E+00,0.00E+00,0.00E+00,0.00E+00,0.00E+00,0.00E+00,0.00E+00,0.00E+00,0.00E+00,0.00E+00,0.00E+00,3.60E-03,0.00E+00,0.00E+00,0.00E+00,0.00E+00,0.00E+00,0.00E+00,0.00E+00,3.00E-04
disease,0.00E+00,0.00E+00,0.00E+00,6.30E-03,0.00E+00,0.00E+00,0.00E+00,0.00E+00,0.00E+00,0.00E+00,8.00E-04,0.00E+00,0.00E+00,0.00E+00,0.00E+00,0.00E+00,0.00E+00,0.00E+00,0.00E+00,6.69E-01,0.00E+00,0.00E+00,0.00E+00
disease,0.00E+00,0.00E+00,0.00E+00,0.00E+00,0.00E+00,0.00E+00,0.00E+00,0.00E+00,0.00E+00,0.00E+00,0.00E+00,0.00E+00,0.00E+00,0.00E+00,0.00E+00,0.00E+00,0.00E+00,0.00E+00,0.00E+00,0.00E+00,0.00E+00,0.00E+00,0.00E+00
disease,0.00E+00,0.00E+00,4.00E-04,6.00E-04,0.00E+00,3.20E-03,0.00E+00,4.30E-03,6.50E-03,1.36E-02,1.60E-03,1.64E-02,1.03E-02,1.00E-03,0.00E+00,7.00E-04,1.25E-02,1.00E-03,0.00E+00,0.00E+00,1.11E-02,2.82E-02,0.00E+00
disease,0.00E+00,0.00E+00,0.00E+00,0.00E+00,9.00E-04,0.00E+00,0.00E+00,0.00E+00,0.00E+00,0.00E+00,0.00E+00,0.00E+00,0.00E+00,4.00E-04,0.00E+00,0.00E+00,0.00E+00,0.00E+00,0.00E+00,0.00E+00,4.00E-04,0.00E+00,0.00E+00
disease,0.00E+00,0.00E+00,0.00E+00,0.00E+00,0.00E+00,0.00E+00,0.00E+00,0.00E+00,0.00E+00,0.00E+00,0.00E+00,0.00E+00,0.00E+00,0.00E+00,0.00E+00,0.00E+00,0.00E+00,0.00E+00,0.00E+00,0.00E+00,0.00E+00,0.00E+00,0.00E+00
disease,0.00E+00,0.00E+00,0.00E+00,0.00E+00,0.00E+00,0.00E+00,0.00E+00,0.00E+00,0.00E+00,0.00E+00,0.00E+00,0.00E+00,0.00E+00,0.00E+00,0.00E+00,0.00E+00,0.00E+00,0.00E+00,0.00E+00,0.00E+00,0.00E+00,0.00E+00,0.00E+00
disease,0.00E+00,0.00E+00,0.00E+00,0.00E+00,0.00E+00,0.00E+00,0.00E+00,0.00E+00,0.00E+00,0.00E+00,0.00E+00,0.00E+00,0.00E+00,0.00E+00,0.00E+00,0.00E+00,0.00E+00,0.00E+00,0.00E+00,0.00E+00,0.00E+00,0.00E+00,0.00E+00
disease,0.00E+00,0.00E+00,0.00E+00,0.00E+00,0.00E+00,0.00E+00,0.00E+00,0.00E+00,0.00E+00,0.00E+00,0.00E+00,0.00E+00,0.00E+00,0.00E+00,0.00E+00,0.00E+00,0.00E+00,0.00E+00,0.00E+00,0.00E+00,0.00E+00,0.00E+00,0.00E+00
disease,2.70E-03,5.00E-04,8.00E-04,1.20E-03,1.28E-01,1.25E-01,1.70E-03,7.21E-02,1.76E-01,2.44E-01,1.38E-01,2.10E-01,1.80E-01,6.87E-02,1.01E-02,3.64E-02,3.50E-02,6.32E-02,2.20E-03,3.50E-03,1.30E-01,7.79E-02,3.00E-04
disease,0.00E+00,5.00E-04,4.00E-04,1.38E-02,6.90E-03,8.30E-03,0.00E+00,5.30E-03,1.10E-02,5.00E-03,3.70E-03,1.80E-03,6.00E-03,2.70E-03,2.90E-03,1.41E-02,1.46E-02,5.50E-03,7.00E-04,0.00E+00,5.60E-03,2.20E-03,0.00E+00
disease,0.00E+00,0.00E+00,0.00E+00,0.00E+00,0.00E+00,1.30E-03,0.00E+00,0.00E+00,5.00E-04,0.00E+00,4.00E-04,6.00E-04,2.00E-04,6.00E-04,0.00E+00,1.80E-03,8.00E-04,0.00E+00,0.00E+00,0.00E+00,1.20E-03,6.00E-04,0.00E+00
disease,0.00E+00,0.00E+00,0.00E+00,0.00E+00,0.00E+00,0.00E+00,0.00E+00,0.00E+00,0.00E+00,0.00E+00,0.00E+00,0.00E+00,0.00E+00,0.00E+00,0.00E+00,0.00E+00,0.00E+00,0.00E+00,0.00E+00,0.00E+00,0.00E+00,0.00E+00,0.00E+00
disease,0.00E+00,0.00E+00,0.00E+00,0.00E+00,0.00E+00,0.00E+00,0.00E+00,0.00E+00,0.00E+00,0.00E+00,0.00E+00,0.00E+00,0.00E+00,0.00E+00,0.00E+00,0.00E+00,0.00E+00,0.00E+00,0.00E+00,0.00E+00,0.00E+00,0.00E+00,0.00E+00
disease,0.00E+00,0.00E+00,0.00E+00,0.00E+00,0.00E+00,0.00E+00,0.00E+00,0.00E+00,0.00E+00,0.00E+00,0.00E+00,0.00E+00,0.00E+00,0.00E+00,0.00E+00,0.00E+00,0.00E+00,0.00E+00,0.00E+00,0.00E+00,0.00E+00,0.00E+00,0.00E+00
disease,0.00E+00,0.00E+00,0.00E+00,0.00E+00,0.00E+00,0.00E+00,0.00E+00,0.00E+00,0.00E+00,0.00E+00,0.00E+00,0.00E+00,0.00E+00,0.00E+00,0.00E+00,0.00E+00,0.00E+00,0.00E+00,0.00E+00,0.00E+00,0.00E+00,0.00E+00,0.00E+00
disease,0.00E+00,0.00E+00,0.00E+00,1.70E-03,6.00E-03,1.28E-02,3.61E-02,1.00E-03,5.00E-04,1.30E-03,4.70E-03,4.00E-04,0.00E+00,4.00E-04,3.59E-02,0.00E+00,1.91E-02,0.00E+00,3.17E-02,1.00E-04,1.41E-02,6.00E-04,4.00E-03
disease,0.00E+00,0.00E+00,0.00E+00,0.00E+00,0.00E+00,3.80E-03,0.00E+00,0.00E+00,0.00E+00,0.00E+00,0.00E+00,1.90E-03,3.00E-04,2.00E-04,0.00E+00,0.00E+00,5.00E-04,0.00E+00,0.00E+00,0.00E+00,0.00E+00,2.80E-03,0.00E+00
disease,0.00E+00,0.00E+00,0.00E+00,0.00E+00,0.00E+00,0.00E+00,0.00E+00,0.00E+00,0.00E+00,0.00E+00,0.00E+00,0.00E+00,0.00E+00,0.00E+00,0.00E+00,0.00E+00,4.00E-04,0.00E+00,1.30E-03,0.00E+00,0.00E+00,0.00E+00,0.00E+00
disease,4.00E-04,0.00E+00,0.00E+00,0.00E+00,1.03E-02,1.60E-02,0.00E+00,1.59E-02,1.40E-02,3.93E-02,1.54E-02,2.42E-02,5.90E-03,1.20E-02,0.00E+00,1.10E-03,8.60E-02,2.69E-02,2.80E-03,3.00E-04,1.80E-02,1.17E-02,2.00E-04
disease,0.00E+00,0.00E+00,0.00E+00,0.00E+00,0.00E+00,0.00E+00,0.00E+00,0.00E+00,0.00E+00,0.00E+00,0.00E+00,0.00E+00,0.00E+00,0.00E+00,0.00E+00,0.00E+00,0.00E+00,0.00E+00,0.00E+00,0.00E+00,0.00E+00,0.00E+00,0.00E+00
disease,0.00E+00,0.00E+00,0.00E+00,0.00E+00,0.00E+00,0.00E+00,0.00E+00,0.00E+00,0.00E+00,0.00E+00,0.00E+00,0.00E+00,0.00E+00,0.00E+00,0.00E+00,0.00E+00,0.00E+00,0.00E+00,0.00E+00,0.00E+00,0.00E+00,0.00E+00,0.00E+00
disease,4.00E-04,0.00E+00,0.00E+00,0.00E+00,0.00E+00,0.00E+00,0.00E+00,0.00E+00,0.00E+00,0.00E+00,0.00E+00,6.00E-04,0.00E+00,0.00E+00,0.00E+00,1.80E-03,9.00E-04,0.00E+00,0.00E+00,0.00E+00,0.00E+00,6.00E-04,0.00E+00
disease,0.00E+00,0.00E+00,0.00E+00,0.00E+00,0.00E+00,0.00E+00,0.00E+00,0.00E+00,0.00E+00,0.00E+00,0.00E+00,0.00E+00,0.00E+00,0.00E+00,0.00E+00,0.00E+00,0.00E+00,0.00E+00,0.00E+00,0.00E+00,0.00E+00,0.00E+00,0.00E+00
disease,0.00E+00,0.00E+00,0.00E+00,0.00E+00,9.00E-04,0.00E+00,0.00E+00,1.54E-02,0.00E+00,8.00E-03,0.00E+00,4.90E-03,0.00E+00,0.00E+00,0.00E+00,0.00E+00,5.10E-03,0.00E+00,0.00E+00,1.00E-04,0.00E+00,1.35E-02,0.00E+00
disease,0.00E+00,0.00E+00,0.00E+00,0.00E+00,0.00E+00,0.00E+00,0.00E+00,0.00E+00,0.00E+00,0.00E+00,0.00E+00,0.00E+00,0.00E+00,0.00E+00,0.00E+00,0.00E+00,0.00E+00,0.00E+00,0.00E+00,0.00E+00,0.00E+00,0.00E+00,0.00E+00
disease,0.00E+00,0.00E+00,0.00E+00,0.00E+00,0.00E+00,6.00E-04,0.00E+00,0.00E+00,0.00E+00,7.00E-04,0.00E+00,0.00E+00,0.00E+00,0.00E+00,0.00E+00,2.00E-04,0.00E+00,0.00E+00,0.00E+00,0.00E+00,0.00E+00,0.00E+00,0.00E+00
disease,0.00E+00,0.00E+00,0.00E+00,0.00E+00,0.00E+00,0.00E+00,0.00E+00,0.00E+00,1.00E-03,0.00E+00,0.00E+00,0.00E+00,0.00E+00,0.00E+00,0.00E+00,0.00E+00,0.00E+00,0.00E+00,0.00E+00,0.00E+00,5.00E-04,1.00E-04,0.00E+00
disease,0.00E+00,0.00E+00,0.00E+00,0.00E+00,0.00E+00,0.00E+00,0.00E+00,0.00E+00,0.00E+00,0.00E+00,0.00E+00,0.00E+00,0.00E+00,0.00E+00,0.00E+00,0.00E+00,0.00E+00,0.00E+00,0.00E+00,0.00E+00,0.00E+00,0.00E+00,0.00E+00
disease,0.00E+00,0.00E+00,0.00E+00,0.00E+00,0.00E+00,0.00E+00,0.00E+00,0.00E+00,0.00E+00,0.00E+00,0.00E+00,0.00E+00,0.00E+00,0.00E+00,0.00E+00,0.00E+00,0.00E+00,0.00E+00,0.00E+00,0.00E+00,0.00E+00,0.00E+00,6.00E-04
disease,0.00E+00,0.00E+00,0.00E+00,0.00E+00,0.00E+00,0.00E+00,0.00E+00,0.00E+00,0.00E+00,0.00E+00,0.00E+00,0.00E+00,0.00E+00,0.00E+00,0.00E+00,0.00E+00,0.00E+00,0.00E+00,0.00E+00,0.00E+00,0.00E+00,0.00E+00,0.00E+00
disease,0.00E+00,0.00E+00,0.00E+00,0.00E+00,0.00E+00,0.00E+00,0.00E+00,0.00E+00,0.00E+00,0.00E+00,0.00E+00,0.00E+00,0.00E+00,0.00E+00,0.00E+00,0.00E+00,0.00E+00,0.00E+00,0.00E+00,0.00E+00,0.00E+00,0.00E+00,0.00E+00
disease,0.00E+00,0.00E+00,0.00E+00,0.00E+00,0.00E+00,1.85E-02,0.00E+00,1.49E-02,1.00E-02,5.00E-03,0.00E+00,1.17E-02,1.23E-02,4.00E-04,0.00E+00,1.28E-02,0.00E+00,7.50E-03,0.00E+00,0.00E+00,0.00E+00,1.20E-03,0.00E+00
disease,0.00E+00,0.00E+00,0.00E+00,0.00E+00,0.00E+00,0.00E+00,0.00E+00,0.00E+00,0.00E+00,0.00E+00,0.00E+00,0.00E+00,0.00E+00,0.00E+00,0.00E+00,0.00E+00,0.00E+00,0.00E+00,0.00E+00,0.00E+00,0.00E+00,0.00E+00,0.00E+00
disease,0.00E+00,0.00E+00,0.00E+00,0.00E+00,0.00E+00,0.00E+00,0.00E+00,0.00E+00,0.00E+00,0.00E+00,0.00E+00,0.00E+00,0.00E+00,0.00E+00,0.00E+00,0.00E+00,0.00E+00,0.00E+00,0.00E+00,0.00E+00,0.00E+00,0.00E+00,0.00E+00
disease,0.00E+00,0.00E+00,0.00E+00,0.00E+00,0.00E+00,0.00E+00,0.00E+00,0.00E+00,0.00E+00,0.00E+00,0.00E+00,0.00E+00,0.00E+00,0.00E+00,0.00E+00,0.00E+00,0.00E+00,0.00E+00,0.00E+00,0.00E+00,0.00E+00,0.00E+00,0.00E+00
disease,1.20E-03,0.00E+00,4.00E-04,0.00E+00,9.00E-04,0.00E+00,0.00E+00,0.00E+00,0.00E+00,0.00E+00,0.00E+00,0.00E+00,0.00E+00,4.00E-04,0.00E+00,0.00E+00,0.00E+00,0.00E+00,0.00E+00,0.00E+00,0.00E+00,0.00E+00,0.00E+00
disease,0.00E+00,0.00E+00,0.00E+00,0.00E+00,0.00E+00,0.00E+00,0.00E+00,0.00E+00,0.00E+00,0.00E+00,0.00E+00,0.00E+00,3.00E-04,0.00E+00,0.00E+00,0.00E+00,0.00E+00,0.00E+00,0.00E+00,0.00E+00,0.00E+00,0.00E+00,0.00E+00
disease,8.00E-04,0.00E+00,0.00E+00,0.00E+00,0.00E+00,0.00E+00,0.00E+00,2.40E-03,5.00E-04,8.00E-03,0.00E+00,6.40E-03,0.00E+00,0.00E+00,1.40E-03,7.70E-03,0.00E+00,0.00E+00,0.00E+00,0.00E+00,0.00E+00,0.00E+00,0.00E+00
disease,0.00E+00,0.00E+00,0.00E+00,0.00E+00,0.00E+00,0.00E+00,0.00E+00,0.00E+00,0.00E+00,0.00E+00,0.00E+00,2.00E-04,0.00E+00,0.00E+00,3.60E-03,0.00E+00,1.00E-04,0.00E+00,6.00E-04,0.00E+00,0.00E+00,0.00E+00,0.00E+00
disease,0.00E+00,0.00E+00,0.00E+00,0.00E+00,0.00E+00,0.00E+00,0.00E+00,0.00E+00,0.00E+00,0.00E+00,0.00E+00,0.00E+00,0.00E+00,0.00E+00,0.00E+00,0.00E+00,0.00E+00,0.00E+00,0.00E+00,0.00E+00,6.00E-04,0.00E+00,2.00E-04
disease,0.00E+00,0.00E+00,0.00E+00,0.00E+00,0.00E+00,0.00E+00,0.00E+00,0.00E+00,0.00E+00,0.00E+00,0.00E+00,0.00E+00,0.00E+00,0.00E+00,0.00E+00,0.00E+00,0.00E+00,0.00E+00,0.00E+00,0.00E+00,0.00E+00,0.00E+00,0.00E+00
disease,0.00E+00,0.00E+00,0.00E+00,0.00E+00,0.00E+00,0.00E+00,0.00E+00,0.00E+00,0.00E+00,0.00E+00,0.00E+00,0.00E+00,0.00E+00,0.00E+00,0.00E+00,0.00E+00,0.00E+00,0.00E+00,0.00E+00,0.00E+00,1.00E-04,0.00E+00,0.00E+00
disease,0.00E+00,0.00E+00,0.00E+00,0.00E+00,0.00E+00,0.00E+00,0.00E+00,0.00E+00,0.00E+00,0.00E+00,0.00E+00,0.00E+00,0.00E+00,0.00E+00,0.00E+00,0.00E+00,0.00E+00,0.00E+00,0.00E+00,0.00E+00,0.00E+00,0.00E+00,0.00E+00
disease,0.00E+00,0.00E+00,0.00E+00,0.00E+00,0.00E+00,0.00E+00,0.00E+00,0.00E+00,0.00E+00,0.00E+00,0.00E+00,0.00E+00,0.00E+00,0.00E+00,0.00E+00,0.00E+00,0.00E+00,0.00E+00,2.00E-04,0.00E+00,0.00E+00,0.00E+00,0.00E+00
disease,8.00E-04,0.00E+00,0.00E+00,0.00E+00,0.00E+00,0.00E+00,0.00E+00,0.00E+00,0.00E+00,0.00E+00,0.00E+00,0.00E+00,0.00E+00,0.00E+00,0.00E+00,0.00E+00,0.00E+00,0.00E+00,0.00E+00,0.00E+00,0.00E+00,0.00E+00,0.00E+00
disease,0.00E+00,0.00E+00,0.00E+00,9.80E-03,0.00E+00,7.29E-02,0.00E+00,2.40E-03,2.00E-03,1.30E-03,8.00E-04,1.80E-03,3.20E-03,0.00E+00,0.00E+00,0.00E+00,1.09E-02,0.00E+00,4.00E-04,0.00E+00,0.00E+00,0.00E+00,0.00E+00
disease,0.00E+00,0.00E+00,0.00E+00,0.00E+00,0.00E+00,0.00E+00,0.00E+00,5.00E-04,0.00E+00,0.00E+00,0.00E+00,0.00E+00,2.00E-04,0.00E+00,0.00E+00,1.80E-03,0.00E+00,0.00E+00,4.00E-04,0.00E+00,0.00E+00,0.00E+00,0.00E+00
disease,0.00E+00,0.00E+00,0.00E+00,0.00E+00,0.00E+00,0.00E+00,0.00E+00,0.00E+00,0.00E+00,0.00E+00,0.00E+00,0.00E+00,0.00E+00,0.00E+00,0.00E+00,2.00E-04,0.00E+00,0.00E+00,0.00E+00,0.00E+00,0.00E+00,0.00E+00,0.00E+00
disease,4.00E-04,2.00E-04,9.00E-03,7.50E-03,1.70E-03,5.80E-03,1.03E-02,5.80E-03,8.50E-03,1.00E-02,6.20E-03,6.80E-03,6.60E-03,5.20E-03,3.52E-02,4.80E-03,3.10E-03,2.30E-03,6.00E-03,1.00E-04,7.90E-03,5.40E-03,4.50E-03
disease,0.00E+00,0.00E+00,0.00E+00,0.00E+00,0.00E+00,0.00E+00,0.00E+00,0.00E+00,0.00E+00,0.00E+00,0.00E+00,0.00E+00,7.00E-04,0.00E+00,0.00E+00,2.00E-03,0.00E+00,0.00E+00,0.00E+00,0.00E+00,0.00E+00,0.00E+00,0.00E+00
disease,0.00E+00,0.00E+00,0.00E+00,0.00E+00,0.00E+00,0.00E+00,0.00E+00,0.00E+00,0.00E+00,0.00E+00,0.00E+00,0.00E+00,0.00E+00,0.00E+00,0.00E+00,0.00E+00,0.00E+00,0.00E+00,0.00E+00,0.00E+00,0.00E+00,0.00E+00,0.00E+00
disease,1.20E-03,0.00E+00,1.10E-03,0.00E+00,0.00E+00,1.30E-03,0.00E+00,0.00E+00,0.00E+00,0.00E+00,0.00E+00,0.00E+00,0.00E+00,6.00E-04,0.00E+00,0.00E+00,0.00E+00,0.00E+00,0.00E+00,0.00E+00,0.00E+00,0.00E+00,0.00E+00
disease,0.00E+00,0.00E+00,0.00E+00,0.00E+00,0.00E+00,0.00E+00,0.00E+00,0.00E+00,0.00E+00,0.00E+00,0.00E+00,0.00E+00,0.00E+00,0.00E+00,3.60E-03,0.00E+00,0.00E+00,0.00E+00,2.00E-04,1.00E-04,0.00E+00,0.00E+00,3.00E-04
disease,0.00E+00,0.00E+00,0.00E+00,0.00E+00,0.00E+00,0.00E+00,0.00E+00,0.00E+00,0.00E+00,0.00E+00,0.00E+00,0.00E+00,0.00E+00,0.00E+00,0.00E+00,0.00E+00,6.00E-04,0.00E+00,0.00E+00,0.00E+00,0.00E+00,0.00E+00,0.00E+00
disease,0.00E+00,0.00E+00,0.00E+00,0.00E+00,0.00E+00,0.00E+00,1.89E-02,0.00E+00,0.00E+00,0.00E+00,0.00E+00,0.00E+00,0.00E+00,2.00E-04,0.00E+00,0.00E+00,1.00E-04,0.00E+00,0.00E+00,0.00E+00,0.00E+00,0.00E+00,0.00E+00
disease,0.00E+00,0.00E+00,0.00E+00,0.00E+00,0.00E+00,0.00E+00,0.00E+00,0.00E+00,0.00E+00,0.00E+00,0.00E+00,0.00E+00,0.00E+00,0.00E+00,0.00E+00,0.00E+00,0.00E+00,0.00E+00,0.00E+00,0.00E+00,0.00E+00,0.00E+00,0.00E+00
disease,0.00E+00,0.00E+00,0.00E+00,0.00E+00,0.00E+00,0.00E+00,0.00E+00,0.00E+00,0.00E+00,0.00E+00,0.00E+00,0.00E+00,0.00E+00,0.00E+00,0.00E+00,0.00E+00,0.00E+00,0.00E+00,0.00E+00,0.00E+00,0.00E+00,0.00E+00,0.00E+00
disease,4.00E-04,0.00E+00,0.00E+00,5.20E-03,0.00E+00,0.00E+00,0.00E+00,0.00E+00,0.00E+00,0.00E+00,0.00E+00,0.00E+00,0.00E+00,0.00E+00,0.00E+00,1.30E-03,0.00E+00,0.00E+00,2.00E-04,1.00E-04,4.00E-04,3.00E-04,0.00E+00
disease,0.00E+00,0.00E+00,0.00E+00,1.20E-03,9.00E-04,1.30E-03,0.00E+00,0.00E+00,5.00E-04,3.00E-04,0.00E+00,6.00E-04,8.00E-04,1.00E-03,0.00E+00,0.00E+00,5.00E-04,0.00E+00,4.10E-03,1.00E-04,2.80E-03,8.80E-03,0.00E+00
disease,0.00E+00,0.00E+00,0.00E+00,0.00E+00,0.00E+00,0.00E+00,0.00E+00,0.00E+00,0.00E+00,0.00E+00,2.00E-04,0.00E+00,0.00E+00,0.00E+00,0.00E+00,0.00E+00,0.00E+00,0.00E+00,2.00E-04,0.00E+00,0.00E+00,0.00E+00,0.00E+00
disease,0.00E+00,0.00E+00,0.00E+00,0.00E+00,0.00E+00,0.00E+00,0.00E+00,0.00E+00,0.00E+00,0.00E+00,0.00E+00,2.00E-04,0.00E+00,0.00E+00,0.00E+00,0.00E+00,0.00E+00,0.00E+00,0.00E+00,0.00E+00,0.00E+00,0.00E+00,0.00E+00
disease,4.47E-02,5.26E-02,3.80E-03,2.30E-03,4.30E-03,3.80E-03,1.70E-03,0.00E+00,0.00E+00,1.00E-03,2.00E-04,0.00E+00,0.00E+00,1.50E-03,2.20E-03,0.00E+00,5.00E-04,8.00E-04,2.00E-03,0.00E+00,3.00E-04,0.00E+00,0.00E+00
disease,0.00E+00,0.00E+00,0.00E+00,1.70E-03,0.00E+00,0.00E+00,0.00E+00,0.00E+00,0.00E+00,0.00E+00,0.00E+00,0.00E+00,2.50E-03,0.00E+00,0.00E+00,2.00E-04,0.00E+00,0.00E+00,0.00E+00,0.00E+00,6.00E-04,0.00E+00,0.00E+00
disease,0.00E+00,0.00E+00,0.00E+00,0.00E+00,0.00E+00,0.00E+00,0.00E+00,0.00E+00,0.00E+00,0.00E+00,0.00E+00,0.00E+00,0.00E+00,0.00E+00,3.60E-03,0.00E+00,0.00E+00,0.00E+00,7.00E-04,0.00E+00,1.00E-04,0.00E+00,0.00E+00
disease,3.10E-03,0.00E+00,0.00E+00,0.00E+00,5.20E-03,9.65E-02,3.40E-03,6.68E-02,2.44E-02,9.60E-03,0.00E+00,3.82E-02,4.30E-02,3.30E-03,7.00E-04,1.38E-01,8.50E-03,6.50E-03,0.00E+00,0.00E+00,8.60E-03,5.40E-03,0.00E+00
disease,0.00E+00,0.00E+00,0.00E+00,0.00E+00,0.00E+00,0.00E+00,0.00E+00,0.00E+00,0.00E+00,0.00E+00,0.00E+00,0.00E+00,0.00E+00,0.00E+00,7.00E-04,0.00E+00,0.00E+00,0.00E+00,0.00E+00,0.00E+00,0.00E+00,0.00E+00,0.00E+00
disease,0.00E+00,0.00E+00,0.00E+00,0.00E+00,0.00E+00,0.00E+00,0.00E+00,0.00E+00,0.00E+00,4.00E-03,0.00E+00,0.00E+00,0.00E+00,0.00E+00,0.00E+00,0.00E+00,0.00E+00,0.00E+00,2.00E-04,0.00E+00,0.00E+00,1.00E-04,0.00E+00
disease,0.00E+00,0.00E+00,0.00E+00,0.00E+00,0.00E+00,0.00E+00,3.40E-03,0.00E+00,0.00E+00,7.00E-04,0.00E+00,0.00E+00,2.00E-04,0.00E+00,1.40E-03,0.00E+00,0.00E+00,3.00E-04,7.00E-04,0.00E+00,0.00E+00,0.00E+00,3.00E-04
disease,0.00E+00,0.00E+00,0.00E+00,0.00E+00,0.00E+00,0.00E+00,0.00E+00,0.00E+00,0.00E+00,0.00E+00,0.00E+00,0.00E+00,0.00E+00,0.00E+00,0.00E+00,0.00E+00,0.00E+00,0.00E+00,0.00E+00,0.00E+00,0.00E+00,0.00E+00,0.00E+00
disease,0.00E+00,0.00E+00,0.00E+00,0.00E+00,0.00E+00,0.00E+00,0.00E+00,0.00E+00,0.00E+00,0.00E+00,0.00E+00,0.00E+00,0.00E+00,0.00E+00,0.00E+00,0.00E+00,0.00E+00,0.00E+00,0.00E+00,0.00E+00,0.00E+00,0.00E+00,1.10E-03
disease,0.00E+00,0.00E+00,0.00E+00,0.00E+00,0.00E+00,0.00E+00,0.00E+00,0.00E+00,0.00E+00,0.00E+00,0.00E+00,0.00E+00,0.00E+00,6.00E-04,0.00E+00,0.00E+00,0.00E+00,0.00E+00,0.00E+00,0.00E+00,0.00E+00,1.00E-04,0.00E+00
disease,0.00E+00,2.00E-04,8.00E-04,6.00E-04,7.70E-03,1.90E-03,2.13E-01,3.80E-03,4.00E-03,2.00E-03,0.00E+00,8.20E-03,5.00E-04,1.50E-03,2.58E-02,4.00E-04,4.90E-03,1.00E-03,4.43E-02,0.00E+00,1.12E-02,4.00E-04,1.37E-01
disease,0.00E+00,0.00E+00,0.00E+00,0.00E+00,0.00E+00,0.00E+00,0.00E+00,0.00E+00,0.00E+00,0.00E+00,0.00E+00,0.00E+00,0.00E+00,0.00E+00,0.00E+00,0.00E+00,0.00E+00,0.00E+00,0.00E+00,0.00E+00,0.00E+00,0.00E+00,0.00E+00
disease,3.68E-01,5.14E-01,5.39E-02,8.10E-03,2.83E-02,4.50E-03,4.65E-02,0.00E+00,0.00E+00,2.56E-02,1.00E-03,0.00E+00,0.00E+00,5.75E-02,1.46E-01,1.50E-03,3.74E-02,1.56E-02,2.49E-01,0.00E+00,1.00E-04,0.00E+00,0.00E+00
disease,0.00E+00,0.00E+00,0.00E+00,0.00E+00,0.00E+00,0.00E+00,0.00E+00,0.00E+00,0.00E+00,0.00E+00,0.00E+00,0.00E+00,0.00E+00,0.00E+00,0.00E+00,0.00E+00,0.00E+00,0.00E+00,0.00E+00,0.00E+00,0.00E+00,0.00E+00,0.00E+00
disease,0.00E+00,0.00E+00,0.00E+00,0.00E+00,0.00E+00,0.00E+00,0.00E+00,0.00E+00,3.00E-03,3.00E-04,4.30E-03,0.00E+00,4.70E-03,8.00E-04,0.00E+00,1.26E-02,0.00E+00,0.00E+00,0.00E+00,0.00E+00,5.00E-04,1.00E-04,0.00E+00
disease,0.00E+00,0.00E+00,0.00E+00,0.00E+00,9.00E-04,0.00E+00,0.00E+00,0.00E+00,0.00E+00,0.00E+00,0.00E+00,0.00E+00,0.00E+00,0.00E+00,0.00E+00,0.00E+00,0.00E+00,0.00E+00,0.00E+00,0.00E+00,0.00E+00,0.00E+00,0.00E+00
disease,0.00E+00,0.00E+00,0.00E+00,0.00E+00,0.00E+00,0.00E+00,0.00E+00,0.00E+00,0.00E+00,0.00E+00,0.00E+00,0.00E+00,0.00E+00,0.00E+00,0.00E+00,0.00E+00,0.00E+00,0.00E+00,0.00E+00,0.00E+00,0.00E+00,0.00E+00,0.00E+00
disease,0.00E+00,1.90E-03,7.50E-03,0.00E+00,0.00E+00,6.00E-04,0.00E+00,0.00E+00,0.00E+00,0.00E+00,0.00E+00,0.00E+00,0.00E+00,0.00E+00,0.00E+00,0.00E+00,0.00E+00,0.00E+00,0.00E+00,0.00E+00,1.00E-04,0.00E+00,0.00E+00
