High,Low,Open,Close,Volume,Adj Close,Return,Date,Week_Number,Year,mean_return,volatility
156.35000610351562,153.30999755859375,154.75999450683594,156.19000244140625,1067600.0,150.09373474121094,0.0,2018-01-02,00,2018,0.8205,0.6416876187055506
157.69000244140625,155.67999267578125,156.02999877929688,157.5,1427900.0,151.3526153564453,0.839,2018-01-03,00,2018,0.8205,0.6416876187055506
161.33999633789062,158.8699951171875,159.38999938964844,159.97000122070312,1896800.0,153.7261962890625,1.568,2018-01-04,00,2018,0.8205,0.6416876187055506
162.33999633789062,160.55999755859375,161.77000427246094,161.3699951171875,1699500.0,155.0715789794922,0.875,2018-01-05,00,2018,0.8205,0.6416876187055506
161.64999389648438,160.4600067138672,161.11000061035156,161.30999755859375,936700.0,155.01390075683594,-0.037,2018-01-08,01,2018,0.3432,0.49088053536476667
164.49000549316406,161.9600067138672,162.33999633789062,162.8800048828125,3366400.0,156.5226287841797,0.973,2018-01-09,01,2018,0.3432,0.49088053536476667
163.1699981689453,161.5,162.6999969482422,162.6199951171875,2416800.0,156.27276611328125,-0.16,2018-01-10,01,2018,0.3432,0.49088053536476667
166.0800018310547,163.30999755859375,164.11000061035156,163.80999755859375,2007100.0,157.41632080078125,0.732,2018-01-11,01,2018,0.3432,0.49088053536476667
165.1199951171875,163.25,164.05999755859375,164.14999389648438,2644400.0,157.74305725097656,0.208,2018-01-12,01,2018,0.3432,0.49088053536476667
165.22999572753906,160.22000122070312,164.5,162.10000610351562,2754100.0,155.7730712890625,-1.249,2018-01-16,02,2018,-0.3435,1.0463872769359026
164.22999572753906,161.4600067138672,163.5500030517578,163.4600067138672,1751900.0,157.0800018310547,0.839,2018-01-17,02,2018,-0.3435,1.0463872769359026
164.50999450683594,161.39999389648438,162.97999572753906,161.5,1746700.0,155.1964874267578,-1.199,2018-01-18,02,2018,-0.3435,1.0463872769359026
162.35000610351562,161.2899932861328,162.1999969482422,161.8800048828125,1678800.0,155.5616912841797,0.235,2018-01-19,02,2018,-0.3435,1.0463872769359026
161.6999969482422,159.61000061035156,161.57000732421875,160.6199951171875,1523400.0,154.35084533691406,-0.778,2018-01-22,03,2018,0.47240000000000004,1.1968555886154353
160.80999755859375,158.50999450683594,159.66000366210938,159.22999572753906,1775300.0,153.01507568359375,-0.865,2018-01-23,03,2018,0.47240000000000004,1.1968555886154353
162.0399932861328,158.97999572753906,159.10000610351562,160.8699951171875,3701100.0,154.59107971191406,1.03,2018-01-24,03,2018,0.47240000000000004,1.1968555886154353
166.9499969482422,161.8000030517578,166.25999450683594,163.35000610351562,3391800.0,156.97427368164062,1.542,2018-01-25,03,2018,0.47240000000000004,1.1968555886154353
166.24000549316406,162.17999267578125,163.69000244140625,165.69000244140625,1870000.0,159.2229461669922,1.433,2018-01-26,03,2018,0.47240000000000004,1.1968555886154353
166.1300048828125,160.7100067138672,165.1999969482422,162.8300018310547,2982800.0,156.4745635986328,-1.726,2018-01-29,04,2018,-1.3124,1.2528995570276173
162.94000244140625,160.66000366210938,162.6999969482422,160.72000122070312,2007700.0,154.44692993164062,-1.296,2018-01-30,04,2018,-1.3124,1.2528995570276173
162.3300018310547,160.0399932861328,161.42999267578125,161.49000549316406,3570500.0,155.1868896484375,0.479,2018-01-31,04,2018,-1.3124,1.2528995570276173
160.89999389648438,158.92999267578125,159.83999633789062,159.8300018310547,1520800.0,153.59164428710938,-1.028,2018-02-01,04,2018,-1.3124,1.2528995570276173
157.35000610351562,154.9499969482422,156.72000122070312,155.0500030517578,2086200.0,148.9982452392578,-2.991,2018-02-02,04,2018,-1.3124,1.2528995570276173
156.83999633789062,150.02999877929688,154.02000427246094,150.32000732421875,2593900.0,144.45285034179688,-3.051,2018-02-05,05,2018,-0.6698000000000001,3.8573966220755675
156.38999938964844,148.02000427246094,150.14999389648438,155.30999755859375,3718100.0,149.24810791015625,3.32,2018-02-06,05,2018,-0.6698000000000001,3.8573966220755675
154.77999877929688,150.0,154.55999755859375,150.00999450683594,2248000.0,144.1549530029297,-3.413,2018-02-07,05,2018,-0.6698000000000001,3.8573966220755675
150.6199951171875,144.0500030517578,149.8800048828125,144.07000732421875,2054300.0,138.44680786132812,-3.96,2018-02-08,05,2018,-0.6698000000000001,3.8573966220755675
150.6300048828125,144.6999969482422,145.2899932861328,149.47999572753906,3116200.0,143.64564514160156,3.755,2018-02-09,05,2018,-0.6698000000000001,3.8573966220755675
154.97999572753906,150.5,150.8699951171875,153.75,3099700.0,147.74896240234375,2.857,2018-02-12,06,2018,0.556,1.538488381496591
154.4499969482422,152.0800018310547,152.72999572753906,153.8300018310547,1402800.0,147.82586669921875,0.052,2018-02-13,06,2018,0.556,1.538488381496591
156.24000549316406,152.0,152.25,155.07000732421875,1622000.0,149.01748657226562,0.806,2018-02-14,06,2018,0.556,1.538488381496591
156.30999755859375,153.1199951171875,156.27000427246094,155.8000030517578,1634200.0,149.71896362304688,0.471,2018-02-15,06,2018,0.556,1.538488381496591
155.1300048828125,153.1999969482422,154.5500030517578,153.61000061035156,1589400.0,147.6144561767578,-1.406,2018-02-16,06,2018,0.556,1.538488381496591
154.25999450683594,151.63999938964844,152.25,153.60000610351562,2590500.0,147.60482788085938,-0.007,2018-02-20,07,2018,0.32775,0.7885029591996892
155.74000549316406,152.74000549316406,153.47000122070312,152.74000549316406,1834100.0,146.77841186523438,-0.56,2018-02-21,07,2018,0.32775,0.7885029591996892
154.9600067138672,153.13999938964844,153.8699951171875,153.6699981689453,1627100.0,147.672119140625,0.609,2018-02-22,07,2018,0.32775,0.7885029591996892
155.74000549316406,152.5500030517578,154.30999755859375,155.6199951171875,1593400.0,149.54598999023438,1.269,2018-02-23,07,2018,0.32775,0.7885029591996892
155.97999572753906,153.66000366210938,155.44000244140625,155.8300018310547,1018600.0,149.747802734375,0.135,2018-02-26,08,2018,-0.7999999999999998,1.4448032738058145
155.32000732421875,153.5500030517578,154.89999389648438,154.0,1239400.0,147.9892120361328,-1.174,2018-02-27,08,2018,-0.7999999999999998,1.4448032738058145
154.5,149.66000366210938,154.14999389648438,149.75,1541700.0,143.9051055908203,-2.76,2018-02-28,08,2018,-0.7999999999999998,1.4448032738058145
150.0800018310547,146.58999633789062,149.2100067138672,147.9199981689453,1918000.0,142.14651489257812,-1.222,2018-03-01,08,2018,-0.7999999999999998,1.4448032738058145
149.97999572753906,146.64999389648438,147.24000549316406,149.42999267578125,1420600.0,143.59759521484375,1.021,2018-03-02,08,2018,-0.7999999999999998,1.4448032738058145
153.4199981689453,148.50999450683594,148.80999755859375,152.74000549316406,1852900.0,146.77841186523438,2.215,2018-03-05,09,2018,1.4986000000000002,0.5108275638608395
154.6699981689453,151.77000427246094,153.05999755859375,153.64999389648438,1470000.0,148.45474243164062,1.142,2018-03-06,09,2018,1.4986000000000002,0.5108275638608395
155.8000030517578,152.30999755859375,152.5500030517578,155.10000610351562,1821700.0,149.85572814941406,0.944,2018-03-07,09,2018,1.4986000000000002,0.5108275638608395
158.08999633789062,155.44000244140625,155.74000549316406,157.8800048828125,2190900.0,152.5417022705078,1.792,2018-03-08,09,2018,1.4986000000000002,0.5108275638608395
160.17999267578125,157.14999389648438,157.9499969482422,160.08999633789062,1340300.0,154.6769561767578,1.4,2018-03-09,09,2018,1.4986000000000002,0.5108275638608395
163.47000122070312,160.1199951171875,162.64999389648438,161.11000061035156,1787800.0,155.66250610351562,0.637,2018-03-12,10,2018,-0.7282,0.9001328790795279
161.99000549316406,159.07000732421875,161.8800048828125,160.3699951171875,1678500.0,154.94747924804688,-0.459,2018-03-13,10,2018,-0.7282,0.9001328790795279
161.24000549316406,157.47999572753906,160.94000244140625,157.5399932861328,1611600.0,152.21319580078125,-1.765,2018-03-14,10,2018,-0.7282,0.9001328790795279
158.42999267578125,155.5500030517578,157.58999633789062,155.6699981689453,1491600.0,150.4064483642578,-1.187,2018-03-15,10,2018,-0.7282,0.9001328790795279
155.33999633789062,153.14999389648438,154.64999389648438,154.32000732421875,2276000.0,149.10208129882812,-0.867,2018-03-16,10,2018,-0.7282,0.9001328790795279
152.30999755859375,148.5500030517578,150.25999450683594,149.5800018310547,2058400.0,144.52236938476562,-3.072,2018-03-19,11,2018,-1.5558,2.1267586134773264
151.13999938964844,149.8699951171875,150.5800018310547,150.22000122070312,837700.0,145.1407012939453,0.428,2018-03-20,11,2018,-1.5558,2.1267586134773264
152.8800048828125,149.99000549316406,150.60000610351562,151.7100067138672,826700.0,146.580322265625,0.992,2018-03-21,11,2018,-1.5558,2.1267586134773264
150.6699981689453,145.89999389648438,150.05999755859375,146.08999633789062,1351300.0,141.1503448486328,-3.704,2018-03-22,11,2018,-1.5558,2.1267586134773264
147.5500030517578,142.13999938964844,146.85000610351562,142.5500030517578,1232100.0,137.7300567626953,-2.423,2018-03-23,11,2018,-1.5558,2.1267586134773264
146.4600067138672,143.6699981689453,145.0,146.11000061035156,1068200.0,141.16969299316406,2.497,2018-03-26,12,2018,0.31999999999999995,1.9828602236836226
147.14999389648438,143.14999389648438,146.17999267578125,144.11000061035156,856500.0,139.2373046875,-1.369,2018-03-27,12,2018,0.31999999999999995,1.9828602236836226
144.82000732421875,141.36000061035156,144.4499969482422,142.16000366210938,1236200.0,137.353271484375,-1.353,2018-03-28,12,2018,0.31999999999999995,1.9828602236836226
145.36000061035156,140.25999450683594,140.66000366210938,144.3000030517578,1461000.0,139.42086791992188,1.505,2018-03-29,12,2018,0.31999999999999995,1.9828602236836226
144.86000061035156,140.61000061035156,144.02000427246094,142.10000610351562,2028000.0,137.29527282714844,-1.525,2018-04-02,13,2018,-0.14420000000000002,1.69309589214551
144.24000549316406,141.39999389648438,141.97000122070312,143.63999938964844,1079000.0,138.78318786621094,1.084,2018-04-03,13,2018,-0.14420000000000002,1.69309589214551
145.3000030517578,140.0,141.1199951171875,145.02000427246094,1132800.0,140.1165008544922,0.961,2018-04-04,13,2018,-0.14420000000000002,1.69309589214551
147.8300018310547,145.3300018310547,146.0,146.7100067138672,988100.0,141.7493896484375,1.165,2018-04-05,13,2018,-0.14420000000000002,1.69309589214551
146.52000427246094,142.33999633789062,145.38999938964844,143.17999267578125,1188600.0,138.3387451171875,-2.406,2018-04-06,13,2018,-0.14420000000000002,1.69309589214551
145.94000244140625,142.80999755859375,144.0500030517578,143.9499969482422,1231700.0,139.0827178955078,0.538,2018-04-09,14,2018,0.471,1.367051023188235
148.19000244140625,145.08999633789062,146.14999389648438,146.69000244140625,1089400.0,141.7300567626953,1.903,2018-04-10,14,2018,0.471,1.367051023188235
145.6699981689453,144.10000610351562,145.24000549316406,144.60000610351562,890700.0,139.71075439453125,-1.425,2018-04-11,14,2018,0.471,1.367051023188235
147.6699981689453,144.7899932861328,145.41000366210938,146.9199981689453,1001200.0,141.95228576660156,1.604,2018-04-12,14,2018,0.471,1.367051023188235
147.75999450683594,145.80999755859375,147.35000610351562,146.52999877929688,716500.0,141.5754852294922,-0.265,2018-04-13,14,2018,0.471,1.367051023188235
151.1999969482422,147.00999450683594,148.0,151.1999969482422,2211500.0,146.0875701904297,3.187,2018-04-16,15,2018,0.5770000000000001,2.0772685189931512
155.16000366210938,150.7100067138672,151.9499969482422,154.9199981689453,2268500.0,149.68177795410156,2.46,2018-04-17,15,2018,0.5770000000000001,2.0772685189931512
154.94000244140625,153.0399932861328,154.80999755859375,153.25,971000.0,148.06826782226562,-1.078,2018-04-18,15,2018,0.5770000000000001,2.0772685189931512
152.85000610351562,150.4199981689453,152.85000610351562,151.55999755859375,839000.0,146.43539428710938,-1.103,2018-04-19,15,2018,0.5770000000000001,2.0772685189931512
151.36000061035156,149.64999389648438,151.25999450683594,150.67999267578125,974700.0,145.5851593017578,-0.581,2018-04-20,15,2018,0.5770000000000001,2.0772685189931512
150.72999572753906,149.08999633789062,149.5399932861328,150.36000061035156,865900.0,145.2759552001953,-0.212,2018-04-23,16,2018,0.36560000000000004,2.7217442569058536
151.24000549316406,144.89999389648438,150.6699981689453,146.77999877929688,1221000.0,141.8170166015625,-2.381,2018-04-24,16,2018,0.36560000000000004,2.7217442569058536
153.1699981689453,148.5800018310547,152.44000244140625,149.75,2062400.0,144.6865997314453,2.023,2018-04-25,16,2018,0.36560000000000004,2.7217442569058536
156.67999267578125,150.0800018310547,151.44000244140625,155.99000549316406,3037100.0,150.7156219482422,4.167,2018-04-26,16,2018,0.36560000000000004,2.7217442569058536
156.22000122070312,151.77999877929688,156.0,153.22999572753906,1734000.0,148.0489501953125,-1.769,2018-04-27,16,2018,0.36560000000000004,2.7217442569058536
153.85000610351562,151.9499969482422,153.85000610351562,152.52000427246094,1411300.0,147.36294555664062,-0.463,2018-04-30,17,2018,0.1788,1.0633398798126592
153.3800048828125,151.05999755859375,152.0500030517578,153.3000030517578,985100.0,148.1165771484375,0.511,2018-05-01,17,2018,0.1788,1.0633398798126592
154.02000427246094,150.7899932861328,153.88999938964844,151.24000549316406,1591800.0,146.126220703125,-1.344,2018-05-02,17,2018,0.1788,1.0633398798126592
154.22000122070312,150.4600067138672,151.32000732421875,152.83999633789062,1537900.0,147.672119140625,1.058,2018-05-03,17,2018,0.1788,1.0633398798126592
155.2100067138672,151.3300018310547,151.6199951171875,154.57000732421875,1066500.0,149.34361267089844,1.132,2018-05-04,17,2018,0.1788,1.0633398798126592
157.0500030517578,154.64999389648438,155.85000610351562,155.25999450683594,897100.0,150.0102996826172,0.446,2018-05-07,18,2018,0.3948,0.7344295064878589
155.0,153.32000732421875,154.4499969482422,154.0,1041200.0,148.79290771484375,-0.812,2018-05-08,18,2018,0.3948,0.7344295064878589
156.2899932861328,153.24000549316406,154.97999572753906,155.50999450683594,1365000.0,150.25186157226562,0.981,2018-05-09,18,2018,0.3948,0.7344295064878589
157.99000549316406,155.8800048828125,156.10000610351562,157.0500030517578,1250200.0,151.73977661132812,0.99,2018-05-10,18,2018,0.3948,0.7344295064878589
158.99000549316406,156.52000427246094,156.92999267578125,157.6300048828125,1166100.0,152.30014038085938,0.369,2018-05-11,18,2018,0.3948,0.7344295064878589
158.77999877929688,157.38999938964844,158.25,158.4499969482422,1150300.0,153.09243774414062,0.52,2018-05-14,19,2018,0.24159999999999998,0.31151934129360254
158.64999389648438,157.1300048828125,157.92999267578125,158.5800018310547,1344600.0,153.21803283691406,0.082,2018-05-15,19,2018,0.24159999999999998,0.31151934129360254
159.80999755859375,158.1300048828125,158.4600067138672,159.0,1273400.0,153.62384033203125,0.265,2018-05-16,19,2018,0.24159999999999998,0.31151934129360254
160.1699981689453,158.52000427246094,159.00999450683594,159.86000061035156,1520500.0,154.45477294921875,0.541,2018-05-17,19,2018,0.24159999999999998,0.31151934129360254
160.36000061035156,159.13999938964844,159.27000427246094,159.5399932861328,1882500.0,154.1455841064453,-0.2,2018-05-18,19,2018,0.24159999999999998,0.31151934129360254
161.25999450683594,160.0,160.5500030517578,160.47000122070312,746800.0,155.0441436767578,0.583,2018-05-21,20,2018,-0.31020000000000003,0.5494571866851866
161.69000244140625,159.07000732421875,160.72000122070312,159.2100067138672,1044300.0,153.8267364501953,-0.785,2018-05-22,20,2018,-0.31020000000000003,0.5494571866851866
158.97000122070312,157.10000610351562,158.25999450683594,158.6699981689453,1375900.0,153.30499267578125,-0.339,2018-05-23,20,2018,-0.31020000000000003,0.5494571866851866
159.27000427246094,156.75,159.17999267578125,157.5,1282400.0,152.174560546875,-0.737,2018-05-24,20,2018,-0.31020000000000003,0.5494571866851866
157.4499969482422,155.5500030517578,156.8699951171875,157.07000732421875,1094600.0,151.75909423828125,-0.273,2018-05-25,20,2018,-0.31020000000000003,0.5494571866851866
156.5500030517578,153.25,155.9199981689453,153.30999755859375,1318000.0,148.12620544433594,-2.394,2018-05-29,21,2018,0.12974999999999992,1.9112977048766284
156.66000366210938,154.0800018310547,154.47000122070312,156.49000549316406,1223300.0,151.19871520996094,2.074,2018-05-30,21,2018,0.12974999999999992,1.9112977048766284
157.14999389648438,155.4600067138672,156.80999755859375,156.25999450683594,2504700.0,150.9764862060547,-0.147,2018-05-31,21,2018,0.12974999999999992,1.9112977048766284
158.52999877929688,156.61000061035156,157.60000610351562,157.8000030517578,1025200.0,152.46441650390625,0.986,2018-06-01,21,2018,0.12974999999999992,1.9112977048766284
158.9199981689453,157.27000427246094,158.5,157.52999877929688,641200.0,152.20355224609375,-0.171,2018-06-04,22,2018,0.36839999999999995,1.4499916551484011
160.22999572753906,158.6999969482422,158.8699951171875,159.50999450683594,1179300.0,154.1165771484375,1.257,2018-06-05,22,2018,0.36839999999999995,1.4499916551484011
162.52999877929688,157.83999633789062,159.0,162.27000427246094,1555000.0,157.59837341308594,2.259,2018-06-06,22,2018,0.36839999999999995,1.4499916551484011
161.27000427246094,159.25,160.88999938964844,159.77000427246094,1227000.0,155.1703643798828,-1.541,2018-06-07,22,2018,0.36839999999999995,1.4499916551484011
160.08999633789062,158.3800048828125,159.0,159.8300018310547,1079700.0,155.2286376953125,0.038,2018-06-08,22,2018,0.36839999999999995,1.4499916551484011
161.25,159.22000122070312,159.97000122070312,160.57000732421875,1289000.0,155.94732666015625,0.463,2018-06-11,23,2018,0.05559999999999998,0.6728973175752747
162.9199981689453,160.4499969482422,160.99000549316406,161.33999633789062,1179000.0,156.6951446533203,0.48,2018-06-12,23,2018,0.05559999999999998,0.6728973175752747
162.25999450683594,160.2100067138672,162.0,160.47000122070312,1048700.0,155.85020446777344,-0.539,2018-06-13,23,2018,0.05559999999999998,0.6728973175752747
162.58999633789062,161.1699981689453,161.85000610351562,161.5500030517578,1169000.0,156.8990936279297,0.673,2018-06-14,23,2018,0.05559999999999998,0.6728973175752747
161.0800018310547,159.02999877929688,161.0800018310547,160.25999450683594,2856700.0,155.646240234375,-0.799,2018-06-15,23,2018,0.05559999999999998,0.6728973175752747
158.6699981689453,157.57000732421875,158.3300018310547,158.47000122070312,972900.0,153.90777587890625,-1.117,2018-06-18,24,2018,-0.2587999999999999,1.3549950922420346
156.3699951171875,154.80999755859375,156.3000030517578,155.30999755859375,1141300.0,150.83876037597656,-1.994,2018-06-19,24,2018,-0.2587999999999999,1.3549950922420346
155.7100067138672,154.22000122070312,155.50999450683594,155.02000427246094,1173600.0,150.55711364746094,-0.187,2018-06-20,24,2018,-0.2587999999999999,1.3549950922420346
156.38999938964844,155.1300048828125,155.27999877929688,155.8699951171875,2217100.0,151.3826446533203,0.548,2018-06-21,24,2018,-0.2587999999999999,1.3549950922420346
158.97999572753906,156.7100067138672,156.82000732421875,158.13999938964844,1341000.0,153.58729553222656,1.456,2018-06-22,24,2018,-0.2587999999999999,1.3549950922420346
157.60000610351562,153.30999755859375,157.60000610351562,154.8000030517578,1434500.0,150.3434600830078,-2.112,2018-06-25,25,2018,0.00819999999999992,1.3038359559392432
155.32000732421875,153.52000427246094,155.00999450683594,154.19000244140625,1026100.0,149.75100708007812,-0.394,2018-06-26,25,2018,0.00819999999999992,1.3038359559392432
157.25999450683594,155.02999877929688,155.30999755859375,155.5399932861328,1399300.0,151.0621337890625,0.876,2018-06-27,25,2018,0.00819999999999992,1.3038359559392432
156.69000244140625,154.35000610351562,155.8800048828125,156.67999267578125,1349500.0,152.1693115234375,0.733,2018-06-28,25,2018,0.00819999999999992,1.3038359559392432
159.77000427246094,157.14999389648438,157.3300018310547,158.14999389648438,1391000.0,153.59698486328125,0.938,2018-06-29,25,2018,0.00819999999999992,1.3038359559392432
158.6999969482422,156.5500030517578,157.0,158.27999877929688,1291900.0,153.7232666015625,0.082,2018-07-02,26,2018,0.9277500000000001,1.6089877511445925
159.47000122070312,157.0500030517578,158.6999969482422,157.17999267578125,640000.0,152.6549072265625,-0.695,2018-07-03,26,2018,0.9277500000000001,1.6089877511445925
163.1699981689453,161.07000732421875,162.0,161.8800048828125,1547900.0,157.21961975097656,2.99,2018-07-05,26,2018,0.9277500000000001,1.6089877511445925
165.5,161.52000427246094,161.99000549316406,164.0399932861328,1642500.0,159.3174285888672,1.334,2018-07-06,26,2018,0.9277500000000001,1.6089877511445925
166.2899932861328,164.80999755859375,165.0800018310547,164.80999755859375,1293700.0,160.0652618408203,0.469,2018-07-09,27,2018,0.33840000000000003,1.0371556295947102
166.7100067138672,164.6300048828125,165.11000061035156,166.47000122070312,2150100.0,161.67745971679688,1.007,2018-07-10,27,2018,0.33840000000000003,1.0371556295947102
164.57000732421875,162.6199951171875,163.17999267578125,164.05999755859375,1518200.0,159.3368377685547,-1.448,2018-07-11,27,2018,0.33840000000000003,1.0371556295947102
166.1699981689453,163.08999633789062,164.6699981689453,165.88999938964844,1913100.0,161.11416625976562,1.115,2018-07-12,27,2018,0.33840000000000003,1.0371556295947102
167.72000122070312,164.80999755859375,165.14999389648438,166.8000030517578,1501800.0,161.9979705810547,0.549,2018-07-13,27,2018,0.33840000000000003,1.0371556295947102
168.5399932861328,166.74000549316406,168.02999877929688,167.0399932861328,1399500.0,162.23106384277344,0.144,2018-07-16,28,2018,-0.1456,0.544694685121858
167.49000549316406,166.3000030517578,167.0500030517578,166.86000061035156,1854200.0,162.0562744140625,-0.108,2018-07-17,28,2018,-0.1456,0.544694685121858
167.0500030517578,164.25,166.22999572753906,165.02999877929688,1641300.0,160.27891540527344,-1.097,2018-07-18,28,2018,-0.1456,0.544694685121858
165.3300018310547,162.69000244140625,163.9499969482422,165.25999450683594,1553400.0,160.50228881835938,0.139,2018-07-19,28,2018,-0.1456,0.544694685121858
166.35000610351562,163.14999389648438,163.17999267578125,165.5800018310547,1326500.0,160.81309509277344,0.194,2018-07-20,28,2018,-0.1456,0.544694685121858
164.80999755859375,161.75,164.4199981689453,161.89999389648438,1745200.0,157.23902893066406,-2.222,2018-07-23,29,2018,0.1106,1.4231766580435474
164.0,162.41000366210938,162.6199951171875,163.33999633789062,1685100.0,158.6375732421875,0.889,2018-07-24,29,2018,0.1106,1.4231766580435474
166.0,162.9600067138672,164.8300018310547,165.80999755859375,1562100.0,161.03646850585938,1.512,2018-07-25,29,2018,0.1106,1.4231766580435474
167.38999938964844,162.30999755859375,162.77000427246094,166.4499969482422,2223000.0,161.65805053710938,0.386,2018-07-26,29,2018,0.1106,1.4231766580435474
167.92999267578125,165.57000732421875,166.52000427246094,166.42999267578125,1470800.0,161.63861083984375,-0.012,2018-07-27,29,2018,0.1106,1.4231766580435474
167.85000610351562,165.0,166.42999267578125,165.33999633789062,1268200.0,160.5800018310547,-0.655,2018-07-30,30,2018,-0.16279999999999994,1.0970053327126537
167.9600067138672,165.5800018310547,165.77999877929688,167.5,1673600.0,162.6778106689453,1.306,2018-07-31,30,2018,-0.16279999999999994,1.0970053327126537
167.92999267578125,164.64999389648438,167.58999633789062,165.47999572753906,1447600.0,160.71595764160156,-1.206,2018-08-01,30,2018,-0.16279999999999994,1.0970053327126537
164.52000427246094,162.91000366210938,164.10000610351562,163.9199981689453,1597600.0,159.20086669921875,-0.943,2018-08-02,30,2018,-0.16279999999999994,1.0970053327126537
164.4199981689453,163.0500030517578,163.1300048828125,164.2100067138672,1050100.0,160.28927612304688,0.684,2018-08-03,30,2018,-0.16279999999999994,1.0970053327126537
158.8000030517578,153.52000427246094,154.25999450683594,157.9600067138672,3928400.0,154.18849182128906,-3.806,2018-08-06,31,2018,-1.164,1.6061091183353637
159.83999633789062,156.47000122070312,158.97000122070312,157.02999877929688,2552900.0,153.28070068359375,-0.589,2018-08-07,31,2018,-1.164,1.6061091183353637
157.9600067138672,156.49000549316406,157.41000366210938,157.0500030517578,1740900.0,153.30020141601562,0.013,2018-08-08,31,2018,-1.164,1.6061091183353637
158.25,156.24000549316406,157.0,157.14999389648438,1003300.0,153.39784240722656,0.064,2018-08-09,31,2018,-1.164,1.6061091183353637
155.8300018310547,154.1300048828125,155.8300018310547,154.7899932861328,1303700.0,151.0941619873047,-1.502,2018-08-10,31,2018,-1.164,1.6061091183353637
156.0,153.58999633789062,155.49000549316406,154.32000732421875,1337500.0,150.63539123535156,-0.304,2018-08-13,32,2018,0.16240000000000002,0.6255140286196625
155.82000732421875,154.50999450683594,155.3300018310547,155.33999633789062,1612000.0,151.6310272216797,0.661,2018-08-14,32,2018,0.16240000000000002,0.6255140286196625
154.72000122070312,152.52000427246094,154.1300048828125,154.6300048828125,1352200.0,150.93800354003906,-0.457,2018-08-15,32,2018,0.16240000000000002,0.6255140286196625
155.94000244140625,154.3300018310547,155.6999969482422,154.52999877929688,1102400.0,150.8403778076172,-0.065,2018-08-16,32,2018,0.16240000000000002,0.6255140286196625
156.25,154.16000366210938,154.16000366210938,156.0399932861328,1662800.0,152.3143310546875,0.977,2018-08-17,32,2018,0.16240000000000002,0.6255140286196625
158.6999969482422,156.63999938964844,156.63999938964844,158.2899932861328,1161100.0,154.51058959960938,1.442,2018-08-20,33,2018,0.02919999999999996,1.3360541530941026
159.25,157.9600067138672,158.5399932861328,158.32000732421875,935200.0,154.53990173339844,0.019,2018-08-21,33,2018,0.02919999999999996,1.3360541530941026
158.24000549316406,154.92999267578125,157.91000366210938,155.02000427246094,1229200.0,151.31869506835938,-2.084,2018-08-22,33,2018,0.02919999999999996,1.3360541530941026
155.74000549316406,154.08999633789062,155.0,154.89999389648438,840400.0,151.2015380859375,-0.077,2018-08-23,33,2018,0.02919999999999996,1.3360541530941026
156.50999450683594,154.52000427246094,155.41000366210938,156.2100067138672,708000.0,152.48028564453125,0.846,2018-08-24,33,2018,0.02919999999999996,1.3360541530941026
158.24000549316406,156.8800048828125,156.97000122070312,158.0500030517578,674200.0,154.27633666992188,1.178,2018-08-27,34,2018,0.255,0.8185224492950697
159.10000610351562,157.5800018310547,158.5,158.35000610351562,1078100.0,154.56918334960938,0.19,2018-08-28,34,2018,0.255,0.8185224492950697
159.66000366210938,157.7899932861328,158.5399932861328,159.5,685700.0,155.69171142578125,0.726,2018-08-29,34,2018,0.255,0.8185224492950697
159.35000610351562,157.25999450683594,159.07000732421875,157.88999938964844,805700.0,154.1201629638672,-1.009,2018-08-30,34,2018,0.255,0.8185224492950697
159.05999755859375,157.4600067138672,158.14999389648438,158.19000244140625,1057800.0,154.41299438476562,0.19,2018-08-31,34,2018,0.255,0.8185224492950697
157.99000549316406,155.1199951171875,157.8699951171875,156.17999267578125,1577700.0,152.4509735107422,-1.271,2018-09-04,35,2018,-0.50125,0.7793674251168914
156.9600067138672,155.5399932861328,155.8699951171875,156.13999938964844,1736100.0,152.41195678710938,-0.026,2018-09-05,35,2018,-0.50125,0.7793674251168914
157.69000244140625,155.3300018310547,156.52999877929688,156.6699981689453,897600.0,152.9292755126953,0.339,2018-09-06,35,2018,-0.50125,0.7793674251168914
156.3699951171875,154.57000732421875,156.33999633789062,155.02999877929688,1225600.0,151.3284454345703,-1.047,2018-09-07,35,2018,-0.50125,0.7793674251168914
156.47000122070312,155.33999633789062,155.8000030517578,155.8699951171875,645300.0,152.1483917236328,0.542,2018-09-10,36,2018,0.25680000000000003,1.151681900526356
157.44000244140625,154.55999755859375,155.57000732421875,157.0800018310547,1247500.0,153.32949829101562,0.776,2018-09-11,36,2018,0.25680000000000003,1.151681900526356
157.69000244140625,156.42999267578125,156.9600067138672,156.60000610351562,799700.0,152.8609619140625,-0.306,2018-09-12,36,2018,0.25680000000000003,1.151681900526356
159.3300018310547,157.2899932861328,158.07000732421875,159.19000244140625,867900.0,155.3891143798828,1.654,2018-09-13,36,2018,0.25680000000000003,1.151681900526356
160.07000732421875,156.83999633789062,159.67999267578125,156.99000549316406,1675500.0,153.2416534423828,-1.382,2018-09-14,36,2018,0.25680000000000003,1.151681900526356
159.0800018310547,156.97000122070312,157.16000366210938,158.02000427246094,1529500.0,154.24705505371094,0.656,2018-09-17,37,2018,1.1928,1.5791088309549788
159.13999938964844,157.91000366210938,158.5800018310547,158.1699981689453,1104600.0,154.39344787597656,0.095,2018-09-18,37,2018,1.1928,1.5791088309549788
166.63999938964844,162.75,162.75,164.3699951171875,2689100.0,160.44541931152344,3.92,2018-09-19,37,2018,1.1928,1.5791088309549788
166.67999267578125,163.92999267578125,165.3699951171875,166.2100067138672,1624200.0,162.2415008544922,1.119,2018-09-20,37,2018,1.1928,1.5791088309549788
167.9499969482422,165.75,166.97000122070312,166.5,2323000.0,162.5245819091797,0.174,2018-09-21,37,2018,1.1928,1.5791088309549788
167.25,163.9199981689453,165.99000549316406,164.0,1609000.0,160.0842742919922,-1.502,2018-09-24,38,2018,-0.7018000000000001,0.5486494326981484
164.80999755859375,162.8800048828125,163.74000549316406,163.05999755859375,1273900.0,159.16673278808594,-0.573,2018-09-25,38,2018,-0.7018000000000001,0.5486494326981484
164.27000427246094,161.89999389648438,162.7100067138672,162.5800018310547,1309300.0,158.69818115234375,-0.294,2018-09-26,38,2018,-0.7018000000000001,0.5486494326981484
163.7899932861328,161.94000244140625,163.0,162.3300018310547,1314300.0,158.45416259765625,-0.154,2018-09-27,38,2018,-0.7018000000000001,0.5486494326981484
162.13999938964844,160.11000061035156,160.6999969482422,160.72999572753906,1302400.0,156.892333984375,-0.986,2018-09-28,38,2018,-0.7018000000000001,0.5486494326981484
169.10000610351562,165.2899932861328,165.5800018310547,168.8699951171875,2329700.0,164.8380126953125,5.064,2018-10-01,39,2018,0.4595999999999999,2.61441108091287
169.25999450683594,165.42999267578125,166.25999450683594,169.02999877929688,1652300.0,164.99417114257812,0.095,2018-10-02,39,2018,0.4595999999999999,2.61441108091287
169.75,167.17999267578125,169.75,167.57000732421875,950500.0,163.56903076171875,-0.864,2018-10-03,39,2018,0.4595999999999999,2.61441108091287
167.0,163.3800048828125,166.82000732421875,165.8300018310547,1720100.0,161.8705596923828,-1.038,2018-10-04,39,2018,0.4595999999999999,2.61441108091287
165.74000549316406,163.64999389648438,164.14999389648438,164.24000549316406,1538700.0,160.3185272216797,-0.959,2018-10-05,39,2018,0.4595999999999999,2.61441108091287
164.91000366210938,162.8699951171875,163.49000549316406,164.30999755859375,1109000.0,160.38687133789062,0.043,2018-10-08,40,2018,-0.9836,1.5765788277152526
163.74000549316406,161.0,162.89999389648438,161.17999267578125,1510400.0,157.3315887451172,-1.905,2018-10-09,40,2018,-0.9836,1.5765788277152526
161.60000610351562,157.94000244140625,161.2100067138672,158.00999450683594,2222200.0,154.2373046875,-1.967,2018-10-10,40,2018,-0.9836,1.5765788277152526
158.2100067138672,153.77000427246094,157.92999267578125,154.25999450683594,1977000.0,150.5768280029297,-2.373,2018-10-11,40,2018,-0.9836,1.5765788277152526
157.77999877929688,155.3300018310547,156.82000732421875,156.24000549316406,1840700.0,152.50955200195312,1.284,2018-10-12,40,2018,-0.9836,1.5765788277152526
159.2899932861328,155.99000549316406,156.61000061035156,156.7899932861328,2161500.0,153.04640197753906,0.352,2018-10-15,41,2018,0.4652,1.3518656368145467
160.83999633789062,157.22000122070312,157.72000122070312,160.6699981689453,1297500.0,156.83377075195312,2.475,2018-10-16,41,2018,0.4652,1.3518656368145467
162.25,159.08999633789062,161.6999969482422,159.7899932861328,1540700.0,155.9747772216797,-0.548,2018-10-17,41,2018,0.4652,1.3518656368145467
167.52000427246094,159.47999572753906,167.0800018310547,161.36000061035156,3739600.0,157.50729370117188,0.983,2018-10-18,41,2018,0.4652,1.3518656368145467
163.05999755859375,159.2899932861328,161.4600067138672,159.85000610351562,3012000.0,156.03338623046875,-0.936,2018-10-19,41,2018,0.4652,1.3518656368145467
168.9499969482422,160.52000427246094,165.22999572753906,166.8800048828125,7591100.0,162.89552307128906,4.398,2018-10-22,42,2018,0.6569999999999999,2.6691176444660507
165.94000244140625,161.60000610351562,164.83999633789062,164.1699981689453,4959200.0,160.25021362304688,-1.624,2018-10-23,42,2018,0.6569999999999999,2.6691176444660507
164.0,160.77999877929688,161.74000549316406,161.22999572753906,5610900.0,157.38040161132812,-1.791,2018-10-24,42,2018,0.6569999999999999,2.6691176444660507
166.36000061035156,162.42999267578125,162.75999450683594,165.0,5105400.0,161.06039428710938,2.338,2018-10-25,42,2018,0.6569999999999999,2.6691176444660507
167.11000061035156,163.44000244140625,163.7100067138672,164.94000244140625,35352000.0,161.00184631347656,-0.036,2018-10-26,42,2018,0.6569999999999999,2.6691176444660507
169.16000366210938,164.58999633789062,166.22000122070312,165.49000549316406,14032500.0,161.53871154785156,0.333,2018-10-29,43,2018,-0.621,1.125020666476843
167.6699981689453,162.74000549316406,166.11000061035156,164.5,57375600.0,160.57232666015625,-0.598,2018-10-30,43,2018,-0.621,1.125020666476843
165.60000610351562,161.30999755859375,161.74000549316406,165.47000122070312,18032200.0,161.5191650390625,0.59,2018-10-31,43,2018,-0.621,1.125020666476843
165.47999572753906,161.94000244140625,164.66000366210938,162.0,11423500.0,158.1320343017578,-2.097,2018-11-01,43,2018,-0.621,1.125020666476843
161.80999755859375,155.44000244140625,160.66000366210938,159.83999633789062,6835100.0,156.02359008789062,-1.333,2018-11-02,43,2018,-0.621,1.125020666476843
162.19000244140625,157.4499969482422,157.64999389648438,161.99000549316406,4477400.0,158.1222686767578,1.345,2018-11-05,44,2018,0.22219999999999995,1.807277289183926
166.35000610351562,161.6699981689453,161.8300018310547,165.52999877929688,2510600.0,161.57774353027344,2.185,2018-11-06,44,2018,0.22219999999999995,1.807277289183926
166.85000610351562,164.22999572753906,164.5399932861328,166.85000610351562,7626300.0,162.86622619628906,0.797,2018-11-07,44,2018,0.22219999999999995,1.807277289183926
166.14999389648438,162.92999267578125,164.5,165.3000030517578,4010000.0,161.35324096679688,-0.929,2018-11-08,44,2018,0.22219999999999995,1.807277289183926
163.94000244140625,160.5500030517578,162.99000549316406,161.52000427246094,3249100.0,157.66348266601562,-2.287,2018-11-09,44,2018,0.22219999999999995,1.807277289183926
162.3000030517578,158.91000366210938,160.05999755859375,159.22000122070312,1990800.0,155.4184112548828,-1.424,2018-11-12,45,2018,-0.41620000000000007,1.8239560575847216
160.3300018310547,156.52999877929688,160.22000122070312,156.92999267578125,2507100.0,153.1830596923828,-1.438,2018-11-13,45,2018,-0.41620000000000007,1.8239560575847216
158.24000549316406,153.0,158.19000244140625,153.36000061035156,2338700.0,149.6983184814453,-2.275,2018-11-14,45,2018,-0.41620000000000007,1.8239560575847216
156.3000030517578,152.55999755859375,156.08999633789062,155.17999267578125,2759400.0,151.47483825683594,1.187,2018-11-15,45,2018,-0.41620000000000007,1.8239560575847216
158.4600067138672,153.39999389648438,153.74000549316406,158.0800018310547,2726800.0,154.30560302734375,1.869,2018-11-16,45,2018,-0.41620000000000007,1.8239560575847216
161.4499969482422,158.44000244140625,158.61000061035156,159.5,2464700.0,155.69171142578125,0.898,2018-11-19,46,2018,-0.2935,1.3328229439801824
160.19000244140625,157.24000549316406,157.49000549316406,157.8699951171875,2151600.0,154.1006317138672,-1.022,2018-11-20,46,2018,-0.2935,1.3328229439801824
161.24000549316406,158.5500030517578,159.24000549316406,159.05999755859375,2070900.0,155.26222229003906,0.754,2018-11-21,46,2018,-0.2935,1.3328229439801824
158.00999450683594,156.02000427246094,156.86000061035156,156.19000244140625,963600.0,152.46075439453125,-1.804,2018-11-23,46,2018,-0.2935,1.3328229439801824
158.22000122070312,156.8800048828125,157.0399932861328,157.32000732421875,2678200.0,153.5637664794922,0.723,2018-11-26,47,2018,0.38239999999999996,2.1654157337564537
156.64999389648438,151.52000427246094,155.66000366210938,152.5500030517578,2525900.0,148.9076690673828,-3.032,2018-11-27,47,2018,0.38239999999999996,2.1654157337564537
156.47999572753906,151.6999969482422,153.52999877929688,156.2899932861328,1808800.0,152.558349609375,2.452,2018-11-28,47,2018,0.38239999999999996,2.1654157337564537
159.83999633789062,155.35000610351562,155.50999450683594,159.30999755859375,2901300.0,155.50625610351562,1.932,2018-11-29,47,2018,0.38239999999999996,2.1654157337564537
160.61000061035156,156.94000244140625,157.02000427246094,159.0500030517578,3944100.0,155.25245666503906,-0.163,2018-11-30,47,2018,0.38239999999999996,2.1654157337564537
164.4199981689453,159.9199981689453,162.3000030517578,164.35000610351562,3177200.0,160.42591857910156,3.332,2018-12-03,48,2018,-0.979,2.9052240303747086
164.2899932861328,160.4499969482422,163.9499969482422,160.8300018310547,2746100.0,156.98997497558594,-2.142,2018-12-04,48,2018,-0.979,2.9052240303747086
159.02000427246094,153.0,158.52999877929688,155.97999572753906,4785400.0,152.25576782226562,-3.016,2018-12-06,48,2018,-0.979,2.9052240303747086
158.52000427246094,152.36000061035156,156.22000122070312,152.72000122070312,2518700.0,149.07359313964844,-2.09,2018-12-07,48,2018,-0.979,2.9052240303747086
157.5399932861328,154.11000061035156,156.02999877929688,156.91000366210938,2540400.0,153.16355895996094,2.744,2018-12-10,49,2018,0.5582,1.7909511997818368
162.4600067138672,156.64999389648438,161.16000366210938,157.4600067138672,2552900.0,153.70042419433594,0.351,2018-12-11,49,2018,0.5582,1.7909511997818368
162.13999938964844,159.4600067138672,161.64999389648438,160.5500030517578,2402600.0,156.71665954589844,1.962,2018-12-12,49,2018,0.5582,1.7909511997818368
161.3000030517578,157.3000030517578,160.39999389648438,158.08999633789062,2456700.0,154.3153839111328,-1.532,2018-12-13,49,2018,0.5582,1.7909511997818368
158.47000122070312,156.0500030517578,157.3800048828125,156.92999267578125,2360800.0,153.1830596923828,-0.734,2018-12-14,49,2018,0.5582,1.7909511997818368
159.44000244140625,155.58999633789062,157.19000244140625,157.3300018310547,3148600.0,154.38516235351562,0.785,2018-12-17,50,2018,-0.38359999999999994,0.8460303186056631
158.88999938964844,156.6300048828125,158.4199981689453,157.61000061035156,2147000.0,154.659912109375,0.178,2018-12-18,50,2018,-0.38359999999999994,0.8460303186056631
158.5,155.2100067138672,157.39999389648438,155.8300018310547,2618700.0,152.91323852539062,-1.129,2018-12-19,50,2018,-0.38359999999999994,0.8460303186056631
156.39999389648438,152.44000244140625,154.47999572753906,154.0500030517578,3398900.0,151.1665496826172,-1.142,2018-12-20,50,2018,-0.38359999999999994,0.8460303186056631
157.47999572753906,153.02999877929688,156.00999450683594,153.11000061035156,5452000.0,150.244140625,-0.61,2018-12-21,50,2018,-0.38359999999999994,0.8460303186056631
153.41000366210938,148.1300048828125,152.6999969482422,148.1300048828125,2086800.0,145.3573455810547,-3.253,2018-12-24,51,2018,0.5495,2.8773400332019623
152.77000427246094,145.9499969482422,148.75,152.74000549316406,2591500.0,149.88108825683594,3.112,2018-12-26,51,2018,0.5495,2.8773400332019623
156.41000366210938,150.60000610351562,152.0500030517578,156.41000366210938,2867000.0,153.4823760986328,2.403,2018-12-27,51,2018,0.5495,2.8773400332019623
158.55999755859375,155.0399932861328,157.10000610351562,156.30999755859375,1586100.0,153.3842315673828,-0.064,2018-12-28,51,2018,0.5495,2.8773400332019623
157.0,153.94000244140625,156.22999572753906,156.0399932861328,1853900.0,153.11927795410156,-0.173,2018-12-31,52,2018,-0.173,0.0
158.16000366210938,153.52000427246094,153.52999877929688,157.1999969482422,1716400.0,154.25758361816406,0.743,2019-01-02,00,2019,0.1566666666666666,3.0293600534326277
154.35000610351562,151.92999267578125,154.05999755859375,152.2899932861328,1775500.0,149.43946838378906,-3.123,2019-01-03,00,2019,0.1566666666666666,3.0293600534326277
157.6199951171875,153.36000061035156,153.8300018310547,156.6300048828125,1801300.0,153.69825744628906,2.85,2019-01-04,00,2019,0.1566666666666666,3.0293600534326277
158.0399932861328,155.14999389648438,155.77999877929688,156.49000549316406,1830200.0,153.5608673095703,-0.089,2019-01-07,01,2019,0.45879999999999993,1.1959369548600793
158.55999755859375,155.1999969482422,156.08999633789062,158.14999389648438,2207300.0,155.18980407714844,1.061,2019-01-08,01,2019,0.45879999999999993,1.1959369548600793
159.52999877929688,156.3300018310547,156.72999572753906,158.4600067138672,2099900.0,155.49400329589844,0.196,2019-01-09,01,2019,0.45879999999999993,1.1959369548600793
161.97999572753906,158.35000610351562,158.6999969482422,161.85000610351562,2093900.0,158.820556640625,2.139,2019-01-10,01,2019,0.45879999999999993,1.1959369548600793
160.75999450683594,159.3699951171875,160.55999755859375,160.2100067138672,1380400.0,157.2112579345703,-1.013,2019-01-11,01,2019,0.45879999999999993,1.1959369548600793
159.5,157.6999969482422,158.3699951171875,158.02000427246094,2004800.0,155.06224060058594,-1.367,2019-01-14,02,2019,0.0794,1.334859280973092
157.8699951171875,156.5399932861328,156.83999633789062,157.22999572753906,2110700.0,154.2870330810547,-0.5,2019-01-15,02,2019,0.0794,1.334859280973092
158.4199981689453,157.0800018310547,157.52999877929688,157.24000549316406,1382100.0,154.29684448242188,0.006,2019-01-16,02,2019,0.0794,1.334859280973092
157.64999389648438,156.2100067138672,156.39999389648438,157.25999450683594,2176500.0,154.31646728515625,0.013,2019-01-17,02,2019,0.0794,1.334859280973092
161.4499969482422,158.00999450683594,158.75999450683594,160.7899932861328,2494800.0,157.7803955078125,2.245,2019-01-18,02,2019,0.0794,1.334859280973092
161.77999877929688,159.69000244140625,161.61000061035156,160.83999633789062,1699100.0,157.82945251464844,0.031,2019-01-22,03,2019,-0.30125,0.9808123758735239
161.08999633789062,157.4600067138672,160.57000732421875,158.92999267578125,1569500.0,155.9552001953125,-1.188,2019-01-23,03,2019,-0.30125,0.9808123758735239
157.91000366210938,156.42999267578125,157.61000061035156,157.3699951171875,2528000.0,154.42440795898438,-0.982,2019-01-24,03,2019,-0.30125,0.9808123758735239
160.11000061035156,158.63999938964844,158.69000244140625,158.83999633789062,1242700.0,155.86688232421875,0.934,2019-01-25,03,2019,-0.30125,0.9808123758735239
158.38999938964844,156.8800048828125,157.77999877929688,158.2100067138672,1422500.0,155.24868774414062,-0.397,2019-01-28,04,2019,0.8604,1.004674972316918
162.0,159.35000610351562,159.57000732421875,161.22000122070312,1558300.0,158.2023468017578,1.903,2019-01-29,04,2019,0.8604,1.004674972316918
163.75,161.16000366210938,161.7899932861328,162.9199981689453,1113500.0,159.8705291748047,1.054,2019-01-30,04,2019,0.8604,1.004674972316918
163.4199981689453,159.6300048828125,161.17999267578125,163.00999450683594,1645900.0,159.95883178710938,0.055,2019-01-31,04,2019,0.8604,1.004674972316918
165.89999389648438,163.4600067138672,163.91000366210938,165.75999450683594,1324300.0,162.6573486328125,1.687,2019-02-01,04,2019,0.8604,1.004674972316918
165.69000244140625,163.22000122070312,165.47999572753906,163.5,2106500.0,160.43966674804688,-1.363,2019-02-04,05,2019,-0.549,1.1167060938313178
165.99000549316406,163.8000030517578,165.25999450683594,164.99000549316406,2358600.0,161.9017791748047,0.911,2019-02-05,05,2019,-0.549,1.1167060938313178
164.6199951171875,163.0399932861328,163.9499969482422,163.4199981689453,1124800.0,160.3611602783203,-0.952,2019-02-06,05,2019,-0.549,1.1167060938313178
162.24000549316406,159.42999267578125,161.75,160.69000244140625,1361000.0,157.6822509765625,-1.671,2019-02-07,05,2019,-0.549,1.1167060938313178
161.61000061035156,159.0800018310547,160.07000732421875,161.22000122070312,1557900.0,158.2023468017578,0.33,2019-02-08,05,2019,-0.549,1.1167060938313178
161.6199951171875,160.6300048828125,161.05999755859375,161.35000610351562,1128400.0,158.32992553710938,0.081,2019-02-11,06,2019,0.9039999999999999,1.7588904172801672
167.5500030517578,163.88999938964844,164.1300048828125,167.52999877929688,1772000.0,164.39422607421875,3.83,2019-02-12,06,2019,0.9039999999999999,1.7588904172801672
168.49000549316406,166.7899932861328,167.08999633789062,167.3800048828125,1599300.0,164.24703979492188,-0.09,2019-02-13,06,2019,0.9039999999999999,1.7588904172801672
167.60000610351562,165.92999267578125,166.64999389648438,166.5,1104100.0,163.38351440429688,-0.526,2019-02-14,06,2019,0.9039999999999999,1.7588904172801672
170.7100067138672,167.77000427246094,170.5399932861328,168.5399932861328,2573600.0,165.38531494140625,1.225,2019-02-15,06,2019,0.9039999999999999,1.7588904172801672
168.77999877929688,167.55999755859375,168.0,167.86000061035156,2221200.0,164.7180633544922,-0.403,2019-02-19,07,2019,0.7305,0.8286424641142484
171.00999450683594,167.58999633789062,167.58999633789062,170.3000030517578,2574800.0,167.11239624023438,1.454,2019-02-20,07,2019,0.7305,0.8286424641142484
172.3000030517578,170.5399932861328,170.97999572753906,171.39999389648438,1736500.0,168.19178771972656,0.646,2019-02-21,07,2019,0.7305,0.8286424641142484
173.74000549316406,171.5500030517578,172.24000549316406,173.5,1075700.0,170.25250244140625,1.225,2019-02-22,07,2019,0.7305,0.8286424641142484
175.00999450683594,173.38999938964844,173.88999938964844,174.6199951171875,1526800.0,171.3515167236328,0.646,2019-02-25,08,2019,-0.5898,1.3553481840471844
174.88999938964844,173.4499969482422,173.7899932861328,173.91000366210938,1739200.0,170.65481567382812,-0.407,2019-02-26,08,2019,-0.5898,1.3553481840471844
175.1199951171875,172.6300048828125,173.39999389648438,174.5,1451800.0,171.2337646484375,0.339,2019-02-27,08,2019,-0.5898,1.3553481840471844
174.92999267578125,173.10000610351562,174.80999755859375,173.24000549316406,1698300.0,169.99734497070312,-0.722,2019-02-28,08,2019,-0.5898,1.3553481840471844
176.72999572753906,167.86000061035156,176.36000061035156,168.3800048828125,3033500.0,165.22833251953125,-2.805,2019-03-01,08,2019,-0.5898,1.3553481840471844
168.91000366210938,166.07000732421875,168.35000610351562,168.6999969482422,1738100.0,165.54232788085938,0.19,2019-03-04,09,2019,0.23339999999999997,0.6294781966041397
169.94000244140625,168.35000610351562,168.35000610351562,168.44000244140625,1205900.0,165.28720092773438,-0.154,2019-03-05,09,2019,0.23339999999999997,0.6294781966041397
169.67999267578125,168.2100067138672,168.83999633789062,169.1300048828125,986800.0,165.9642791748047,0.41,2019-03-06,09,2019,0.23339999999999997,0.6294781966041397
169.36000061035156,166.82000732421875,169.36000061035156,167.47000122070312,1450100.0,165.1899871826172,-0.467,2019-03-07,09,2019,0.23339999999999997,0.6294781966041397
169.52000427246094,167.75999450683594,168.75,169.4600067138672,1558400.0,167.15289306640625,1.188,2019-03-08,09,2019,0.23339999999999997,0.6294781966041397
171.30999755859375,169.4199981689453,169.47999572753906,171.27999877929688,1188800.0,168.94808959960938,1.074,2019-03-11,10,2019,0.8106,0.5728545190534854
172.89999389648438,171.38999938964844,171.77999877929688,172.32000732421875,1309200.0,169.9739532470703,0.607,2019-03-12,10,2019,0.8106,0.5728545190534854
175.50999450683594,173.63999938964844,174.00999450683594,174.38999938964844,1538500.0,172.01576232910156,1.201,2019-03-13,10,2019,0.8106,0.5728545190534854
174.44000244140625,173.1699981689453,174.25,174.2100067138672,1033200.0,171.83822631835938,-0.103,2019-03-14,10,2019,0.8106,0.5728545190534854
176.9600067138672,174.42999267578125,176.27999877929688,176.42999267578125,3661400.0,174.02796936035156,1.274,2019-03-15,10,2019,0.8106,0.5728545190534854
174.9499969482422,173.42999267578125,174.75,174.5500030517578,1220400.0,172.173583984375,-1.066,2019-03-18,11,2019,-0.7448,1.6931413703527534
175.7899932861328,172.6199951171875,175.35000610351562,173.5800018310547,1251600.0,171.21678161621094,-0.556,2019-03-19,11,2019,-0.7448,1.6931413703527534
176.8699951171875,174.36000061035156,175.35000610351562,176.6300048828125,1536400.0,174.22528076171875,1.757,2019-03-20,11,2019,-0.7448,1.6931413703527534
175.8300018310547,173.6999969482422,174.33999633789062,175.10000610351562,1146300.0,172.71609497070312,-0.866,2019-03-21,11,2019,-0.7448,1.6931413703527534
172.75999450683594,169.19000244140625,172.10000610351562,169.86000061035156,1384000.0,167.5474395751953,-2.993,2019-03-22,11,2019,-0.7448,1.6931413703527534
171.9199981689453,169.55999755859375,170.97000122070312,170.0,1349700.0,167.68553161621094,0.082,2019-03-25,12,2019,0.711,1.2677519473461678
171.3000030517578,169.69000244140625,170.88999938964844,170.97999572753906,1408100.0,168.65219116210938,0.576,2019-03-26,12,2019,0.711,1.2677519473461678
170.0500030517578,168.69000244140625,169.4600067138672,169.47999572753906,1821400.0,167.172607421875,-0.877,2019-03-27,12,2019,0.711,1.2677519473461678
173.85000610351562,170.72999572753906,170.9600067138672,173.6999969482422,1892500.0,171.33514404296875,2.49,2019-03-28,12,2019,0.711,1.2677519473461678
176.10000610351562,173.8800048828125,175.35000610351562,175.92999267578125,2158100.0,173.5347900390625,1.284,2019-03-29,12,2019,0.711,1.2677519473461678
178.17999267578125,176.0,176.83999633789062,176.5800018310547,1791900.0,174.1759490966797,0.369,2019-04-01,13,2019,0.9724,0.9561991424384356
178.17999267578125,176.69000244140625,177.3300018310547,178.02000427246094,1179700.0,175.59634399414062,0.815,2019-04-02,13,2019,0.9724,0.9561991424384356
184.52999877929688,180.6300048828125,181.14999389648438,182.74000549316406,2379600.0,180.25210571289062,2.651,2019-04-03,13,2019,0.9724,0.9561991424384356
184.0399932861328,182.4199981689453,183.57000732421875,183.89999389648438,1471400.0,181.39627075195312,0.635,2019-04-04,13,2019,0.9724,0.9561991424384356
185.42999267578125,183.97999572753906,184.58999633789062,184.6199951171875,1403400.0,182.10647583007812,0.392,2019-04-05,13,2019,0.9724,0.9561991424384356
185.9199981689453,184.14999389648438,185.89999389648438,184.83999633789062,1138500.0,182.32350158691406,0.119,2019-04-08,14,2019,-0.4654,0.6294956711527094
185.0500030517578,182.75,185.0500030517578,182.89999389648438,1388200.0,180.40989685058594,-1.05,2019-04-09,14,2019,-0.4654,0.6294956711527094
183.58999633789062,179.82000732421875,183.38999938964844,181.02000427246094,2443700.0,178.5554962158203,-1.028,2019-04-10,14,2019,-0.4654,0.6294956711527094
181.80999755859375,179.77000427246094,181.67999267578125,179.85000610351562,1916400.0,177.40142822265625,-0.646,2019-04-11,14,2019,-0.4654,0.6294956711527094
181.1300048828125,180.13999938964844,180.8000030517578,180.35000610351562,1914500.0,177.89462280273438,0.278,2019-04-12,14,2019,-0.4654,0.6294956711527094
180.42999267578125,179.13999938964844,180.13999938964844,180.13999938964844,1448000.0,177.68748474121094,-0.116,2019-04-15,15,2019,0.0072500000000000064,0.3227149154697791
180.67999267578125,178.8000030517578,180.0800018310547,180.6199951171875,1749700.0,178.16094970703125,0.266,2019-04-16,15,2019,0.0072500000000000064,0.3227149154697791
181.86000061035156,179.39999389648438,180.63999938964844,179.91000366210938,1663300.0,177.46063232421875,-0.393,2019-04-17,15,2019,0.0072500000000000064,0.3227149154697791
180.7899932861328,179.6699981689453,180.1199951171875,180.39999389648438,1547300.0,177.9439239501953,0.272,2019-04-18,15,2019,0.0072500000000000064,0.3227149154697791
180.8000030517578,178.8300018310547,179.85000610351562,178.89999389648438,1002100.0,176.46434020996094,-0.831,2019-04-22,16,2019,-0.2352,0.8960087611178811
179.72000122070312,178.5500030517578,178.64999389648438,179.3300018310547,1796500.0,176.8885040283203,0.24,2019-04-23,16,2019,-0.2352,0.8960087611178811
179.50999450683594,177.50999450683594,179.00999450683594,177.6199951171875,1780200.0,175.2017822265625,-0.954,2019-04-24,16,2019,-0.2352,0.8960087611178811
176.75,174.9199981689453,176.22000122070312,176.27999877929688,2229900.0,173.88003540039062,-0.754,2019-04-25,16,2019,-0.2352,0.8960087611178811
178.25999450683594,175.3699951171875,175.44000244140625,178.25999450683594,1483900.0,175.8330535888672,1.123,2019-04-26,16,2019,-0.2352,0.8960087611178811
178.25999450683594,176.49000549316406,176.7899932861328,177.10000610351562,1195400.0,174.6888885498047,-0.651,2019-04-29,17,2019,0.3068,1.2166378672390565
180.55999755859375,177.38999938964844,177.8699951171875,180.25999450683594,1404200.0,177.80584716796875,1.784,2019-04-30,17,2019,0.3068,1.2166378672390565
181.1999969482422,178.00999450683594,179.88999938964844,178.2899932861328,1018300.0,175.86265563964844,-1.093,2019-05-01,17,2019,0.3068,1.2166378672390565
180.49000549316406,177.27000427246094,177.92999267578125,180.49000549316406,1691000.0,178.03271484375,1.234,2019-05-02,17,2019,0.3068,1.2166378672390565
181.47000122070312,179.24000549316406,179.67999267578125,180.9600067138672,1248900.0,178.496337890625,0.26,2019-05-03,17,2019,0.3068,1.2166378672390565
179.3300018310547,177.80999755859375,177.8300018310547,178.6300048828125,1407000.0,176.1980438232422,-1.288,2019-05-06,18,2019,0.10259999999999998,2.911248924430888
176.8699951171875,172.91000366210938,176.5800018310547,174.57000732421875,2049600.0,172.19332885742188,-2.273,2019-05-07,18,2019,0.10259999999999998,2.911248924430888
177.52999877929688,174.24000549316406,174.42999267578125,176.5399932861328,1264600.0,174.13648986816406,1.128,2019-05-08,18,2019,0.10259999999999998,2.911248924430888
174.7100067138672,171.60000610351562,173.1999969482422,173.35000610351562,1999500.0,170.98992919921875,-1.807,2019-05-09,18,2019,0.10259999999999998,2.911248924430888
182.22000122070312,174.27000427246094,174.6300048828125,181.58999633789062,2511800.0,179.11773681640625,4.753,2019-05-10,18,2019,0.10259999999999998,2.911248924430888
181.00999450683594,177.82000732421875,179.74000549316406,180.67999267578125,2328500.0,178.22010803222656,-0.501,2019-05-13,19,2019,0.8144,1.7002219855065985
182.36000061035156,179.77999877929688,180.30999755859375,180.9199981689453,2029300.0,178.4568634033203,0.133,2019-05-14,19,2019,0.8144,1.7002219855065985
182.3699951171875,178.32000732421875,178.57000732421875,180.86000061035156,1184200.0,178.39767456054688,-0.033,2019-05-15,19,2019,0.8144,1.7002219855065985
188.97000122070312,184.5,185.08999633789062,187.64999389648438,1866600.0,185.09523010253906,3.754,2019-05-16,19,2019,0.8144,1.7002219855065985
189.4499969482422,186.88999938964844,188.19000244140625,189.0,1737900.0,186.42686462402344,0.719,2019-05-17,19,2019,0.8144,1.7002219855065985
187.1699981689453,184.64999389648438,186.0,185.25999450683594,1383700.0,182.73776245117188,-1.979,2019-05-20,20,2019,-0.11060000000000003,1.6105801128785864
187.44000244140625,186.14999389648438,186.75999450683594,187.27000427246094,1051500.0,184.7204132080078,1.085,2019-05-21,20,2019,-0.11060000000000003,1.6105801128785864
189.72000122070312,187.17999267578125,187.8699951171875,188.24000549316406,1334800.0,185.6772003173828,0.518,2019-05-22,20,2019,-0.11060000000000003,1.6105801128785864
187.0399932861328,184.47000122070312,185.88999938964844,185.0800018310547,1318500.0,182.5602264404297,-1.679,2019-05-23,20,2019,-0.11060000000000003,1.6105801128785864
188.14999389648438,185.85000610351562,187.3699951171875,187.86000061035156,1025300.0,185.30238342285156,1.502,2019-05-24,20,2019,-0.11060000000000003,1.6105801128785864
187.77999877929688,183.72999572753906,186.94000244140625,184.30999755859375,1483100.0,181.8007049560547,-1.89,2019-05-28,21,2019,-0.86575,0.8757021468513138
183.1300048828125,181.2100067138672,181.4600067138672,183.00999450683594,1405400.0,180.51840209960938,-0.705,2019-05-29,21,2019,-0.86575,0.8757021468513138
184.2100067138672,182.77000427246094,182.9199981689453,183.41000366210938,1042000.0,180.9129638671875,0.219,2019-05-30,21,2019,-0.86575,0.8757021468513138
181.41000366210938,179.8699951171875,180.3000030517578,180.5500030517578,1757200.0,178.94561767578125,-1.087,2019-05-31,21,2019,-0.86575,0.8757021468513138
187.41000366210938,181.1999969482422,181.47000122070312,187.27999877929688,2882600.0,185.6157989501953,3.727,2019-06-03,22,2019,2.0774,1.133525606239224
191.35000610351562,185.67999267578125,187.80999755859375,191.35000610351562,3115200.0,189.64962768554688,2.173,2019-06-04,22,2019,2.0774,1.133525606239224
192.8000030517578,190.49000549316406,191.35000610351562,192.75,3708800.0,191.0371856689453,0.732,2019-06-05,22,2019,2.0774,1.133525606239224
198.05999755859375,193.69000244140625,194.30999755859375,197.35000610351562,3468200.0,195.59632873535156,2.387,2019-06-06,22,2019,2.0774,1.133525606239224
201.11000061035156,197.6300048828125,200.14999389648438,200.0500030517578,3613300.0,198.27232360839844,1.368,2019-06-07,22,2019,2.0774,1.133525606239224
202.0,198.22999572753906,200.1199951171875,200.4199981689453,1197400.0,198.6390380859375,0.185,2019-06-10,23,2019,0.26480000000000004,0.21807384070539046
201.82000732421875,199.72000122070312,201.1999969482422,200.7899932861328,1720000.0,199.0057373046875,0.185,2019-06-11,23,2019,0.26480000000000004,0.21807384070539046
202.27999877929688,200.97000122070312,201.5800018310547,201.69000244140625,1956300.0,199.8977508544922,0.448,2019-06-12,23,2019,0.26480000000000004,0.21807384070539046
203.88999938964844,201.63999938964844,203.47999572753906,202.74000549316406,2855100.0,200.9384307861328,0.521,2019-06-13,23,2019,0.26480000000000004,0.21807384070539046
203.22999572753906,201.42999267578125,202.66000366210938,202.7100067138672,1524000.0,200.90869140625,-0.015,2019-06-14,23,2019,0.26480000000000004,0.21807384070539046
203.61000061035156,201.0399932861328,202.92999267578125,201.25999450683594,1757200.0,199.4715576171875,-0.715,2019-06-17,24,2019,-0.05139999999999998,1.2221515045197957
204.75999450683594,202.7100067138672,204.17999267578125,204.02000427246094,2006900.0,202.20704650878906,1.371,2019-06-18,24,2019,-0.05139999999999998,1.2221515045197957
202.47000122070312,199.13999938964844,202.24000549316406,200.58999633789062,1944700.0,198.80752563476562,-1.681,2019-06-19,24,2019,-0.05139999999999998,1.2221515045197957
203.7100067138672,201.5,203.64999389648438,202.33999633789062,1703300.0,200.54196166992188,0.872,2019-06-20,24,2019,-0.05139999999999998,1.2221515045197957
202.99000549316406,202.02999877929688,202.63999938964844,202.1300048828125,3770300.0,200.33383178710938,-0.104,2019-06-21,24,2019,-0.05139999999999998,1.2221515045197957
203.8699951171875,202.02999877929688,202.49000549316406,203.3800048828125,1092500.0,201.57273864746094,0.618,2019-06-24,25,2019,-0.12980000000000003,0.7491192828915834
204.32000732421875,202.7100067138672,204.32000732421875,202.8000030517578,1118800.0,200.99789428710938,-0.285,2019-06-25,25,2019,-0.12980000000000003,0.7491192828915834
202.30999755859375,200.55999755859375,202.0500030517578,200.60000610351562,1369900.0,198.81744384765625,-1.085,2019-06-26,25,2019,-0.12980000000000003,0.7491192828915834
199.9499969482422,198.4600067138672,198.6999969482422,199.52999877929688,1532100.0,197.75694274902344,-0.533,2019-06-27,25,2019,-0.12980000000000003,0.7491192828915834
201.72000122070312,199.1199951171875,199.60000610351562,200.8000030517578,6440600.0,199.01565551757812,0.636,2019-06-28,25,2019,-0.12980000000000003,0.7491192828915834
203.19000244140625,201.50999450683594,203.02000427246094,203.0,1113300.0,201.1961212158203,1.096,2019-07-01,26,2019,0.20400000000000004,0.6935570152001443
203.97000122070312,201.52999877929688,202.00999450683594,203.5399932861328,1722400.0,201.73129272460938,0.266,2019-07-02,26,2019,0.20400000000000004,0.6935570152001443
203.61000061035156,201.7100067138672,202.0,203.61000061035156,939500.0,201.80068969726562,0.034,2019-07-03,26,2019,0.20400000000000004,0.6935570152001443
203.1699981689453,200.10000610351562,201.10000610351562,202.42999267578125,1741300.0,200.63116455078125,-0.58,2019-07-05,26,2019,0.20400000000000004,0.6935570152001443
203.63999938964844,200.8800048828125,201.0500030517578,201.6699981689453,1277100.0,199.87791442871094,-0.375,2019-07-08,27,2019,0.15360000000000001,0.47424339742372795
202.61000061035156,200.7100067138672,202.4199981689453,200.97000122070312,1160700.0,199.18414306640625,-0.347,2019-07-09,27,2019,0.15360000000000001,0.47424339742372795
202.64999389648438,201.4600067138672,202.0800018310547,201.77000427246094,1062000.0,199.97705078125,0.398,2019-07-10,27,2019,0.15360000000000001,0.47424339742372795
203.05999755859375,201.02999877929688,201.44000244140625,202.80999755859375,1225200.0,201.00778198242188,0.515,2019-07-11,27,2019,0.15360000000000001,0.47424339742372795
204.72000122070312,202.97999572753906,203.75999450683594,203.97999572753906,1027600.0,202.16738891601562,0.577,2019-07-12,27,2019,0.15360000000000001,0.47424339742372795
205.10000610351562,203.7100067138672,204.19000244140625,204.07000732421875,869000.0,202.25660705566406,0.044,2019-07-15,28,2019,-0.057399999999999986,0.6094003610107235
205.5500030517578,202.4499969482422,204.1300048828125,202.58999633789062,1073700.0,200.7897491455078,-0.725,2019-07-16,28,2019,-0.057399999999999986,0.6094003610107235
203.85000610351562,201.75999450683594,203.5399932861328,201.82000732421875,986700.0,200.026611328125,-0.38,2019-07-17,28,2019,-0.057399999999999986,0.6094003610107235
203.67999267578125,201.82000732421875,202.8000030517578,203.63999938964844,1067500.0,201.83042907714844,0.902,2019-07-18,28,2019,-0.057399999999999986,0.6094003610107235
204.61000061035156,202.6300048828125,202.99000549316406,203.3800048828125,1228300.0,201.57273864746094,-0.128,2019-07-19,28,2019,-0.057399999999999986,0.6094003610107235
204.99000549316406,203.1699981689453,204.58999633789062,203.5800018310547,653400.0,201.7709503173828,0.098,2019-07-22,29,2019,-0.23079999999999998,1.4515418354287966
206.82000732421875,204.19000244140625,204.8300018310547,206.82000732421875,1064800.0,204.98216247558594,1.592,2019-07-23,29,2019,-0.23079999999999998,1.4515418354287966
204.19000244140625,202.1999969482422,204.05999755859375,202.75,1102800.0,200.94833374023438,-1.968,2019-07-24,29,2019,-0.23079999999999998,1.4515418354287966
200.67999267578125,196.52999877929688,200.38999938964844,199.88999938964844,2084900.0,198.11373901367188,-1.411,2019-07-25,29,2019,-0.23079999999999998,1.4515418354287966
201.14999389648438,199.32000732421875,199.42999267578125,200.9600067138672,1191200.0,199.1742401123047,0.535,2019-07-26,29,2019,-0.23079999999999998,1.4515418354287966
200.2100067138672,199.25,199.77000427246094,199.77000427246094,1468200.0,197.99481201171875,-0.592,2019-07-29,30,2019,-1.3516,0.8913311954599143
197.7899932861328,195.75,195.80999755859375,196.5,2466300.0,194.7538604736328,-1.637,2019-07-30,30,2019,-1.3516,0.8913311954599143
196.19000244140625,188.99000549316406,195.91000366210938,191.27999877929688,4160900.0,189.58026123046875,-2.656,2019-07-31,30,2019,-1.3516,0.8913311954599143
193.5,189.16000366210938,189.61000061035156,190.4199981689453,3762800.0,188.72789001464844,-0.45,2019-08-01,30,2019,-1.3516,0.8913311954599143
189.0500030517578,185.8300018310547,188.77999877929688,187.7100067138672,2556900.0,186.04197692871094,-1.423,2019-08-02,30,2019,-1.3516,0.8913311954599143
193.08999633789062,189.22000122070312,190.0,190.6300048828125,3071900.0,188.93603515625,1.556,2019-08-05,31,2019,0.4544,1.0637087477312575
190.3300018310547,185.89999389648438,190.3000030517578,188.75999450683594,2352000.0,187.0826416015625,-0.981,2019-08-06,31,2019,0.4544,1.0637087477312575
191.41000366210938,186.6199951171875,187.0500030517578,190.77999877929688,2078900.0,189.08470153808594,1.07,2019-08-07,31,2019,0.4544,1.0637087477312575
193.42999267578125,190.0,190.47999572753906,192.61000061035156,1927100.0,190.8984375,0.959,2019-08-08,31,2019,0.4544,1.0637087477312575
192.8000030517578,189.72000122070312,189.92999267578125,191.97000122070312,1600200.0,190.26412963867188,-0.332,2019-08-09,31,2019,0.4544,1.0637087477312575
194.63999938964844,192.00999450683594,193.02000427246094,192.1999969482422,1621600.0,190.49208068847656,0.12,2019-08-12,32,2019,-0.31779999999999997,1.9638758107375323
195.61000061035156,191.5,192.1300048828125,192.89999389648438,1678700.0,191.18585205078125,0.364,2019-08-13,32,2019,-0.31779999999999997,1.9638758107375323
190.32000732421875,185.49000549316406,188.8000030517578,185.63999938964844,2441100.0,183.99037170410156,-3.764,2019-08-14,32,2019,-0.31779999999999997,1.9638758107375323
187.49000549316406,185.07000732421875,185.7100067138672,186.63999938964844,1508300.0,184.9814910888672,0.539,2019-08-15,32,2019,-0.31779999999999997,1.9638758107375323
189.1300048828125,186.55999755859375,186.67999267578125,188.7899932861328,1198900.0,187.11236572265625,1.152,2019-08-16,32,2019,-0.31779999999999997,1.9638758107375323
190.3300018310547,188.30999755859375,189.24000549316406,189.11000061035156,1232100.0,187.42953491210938,0.17,2019-08-19,33,2019,-0.48179999999999995,0.8404598146253037
189.0,186.3000030517578,188.22999572753906,187.69000244140625,1364200.0,186.02215576171875,-0.751,2019-08-20,33,2019,-0.48179999999999995,0.8404598146253037
189.9499969482422,188.61000061035156,189.30999755859375,188.74000549316406,1074700.0,187.06283569335938,0.559,2019-08-21,33,2019,-0.48179999999999995,0.8404598146253037
189.0,186.61000061035156,188.5500030517578,187.1300048828125,1446700.0,185.46714782714844,-0.853,2019-08-22,33,2019,-0.48179999999999995,0.8404598146253037
187.36000061035156,181.60000610351562,185.63999938964844,184.25999450683594,2119700.0,182.6226348876953,-1.534,2019-08-23,33,2019,-0.48179999999999995,0.8404598146253037
185.44000244140625,183.8300018310547,185.25,184.9199981689453,1226800.0,183.27676391601562,0.358,2019-08-26,34,2019,0.5953999999999999,0.6688802583422536
186.39999389648438,184.3699951171875,186.10000610351562,184.74000549316406,1477100.0,183.09837341308594,-0.097,2019-08-27,34,2019,0.5953999999999999,0.6688802583422536
185.92999267578125,183.86000061035156,184.69000244140625,184.97000122070312,1122700.0,183.32632446289062,0.124,2019-08-28,34,2019,0.5953999999999999,0.6688802583422536
188.44000244140625,187.07000732421875,188.13999938964844,187.66000366210938,1458900.0,185.99241638183594,1.454,2019-08-29,34,2019,0.5953999999999999,0.6688802583422536
189.24000549316406,187.41000366210938,188.5,188.91000366210938,1686800.0,188.10841369628906,1.138,2019-08-30,34,2019,0.5953999999999999,0.6688802583422536
188.13999938964844,186.1999969482422,187.27000427246094,187.22999572753906,1370200.0,186.43553161621094,-0.889,2019-09-03,35,2019,0.08374999999999996,0.917444775813055
188.89999389648438,186.50999450683594,188.0399932861328,187.55999755859375,1210400.0,186.76412963867188,0.176,2019-09-04,35,2019,0.08374999999999996,0.917444775813055
189.5,187.10000610351562,188.6999969482422,187.10000610351562,1911200.0,186.30609130859375,-0.245,2019-09-05,35,2019,0.08374999999999996,0.917444775813055
190.3000030517578,187.97000122070312,188.52000427246094,189.52000427246094,1066700.0,188.7158203125,1.293,2019-09-06,35,2019,0.08374999999999996,0.917444775813055
188.44000244140625,185.02999877929688,188.10000610351562,185.2100067138672,2862300.0,184.4241180419922,-2.274,2019-09-09,36,2019,0.2876,1.6140508975865664
185.72000122070312,183.25999450683594,184.11000061035156,185.72000122070312,1788900.0,184.93194580078125,0.275,2019-09-10,36,2019,0.2876,1.6140508975865664
187.72999572753906,185.11000061035156,185.6699981689453,187.61000061035156,1292100.0,186.8139190673828,1.018,2019-09-11,36,2019,0.2876,1.6140508975865664
192.6199951171875,189.32000732421875,190.64999389648438,191.57000732421875,1640200.0,190.7571258544922,2.111,2019-09-12,36,2019,0.2876,1.6140508975865664
193.7100067138672,191.97999572753906,192.49000549316406,192.16000366210938,1717100.0,191.34461975097656,0.308,2019-09-13,36,2019,0.2876,1.6140508975865664
191.8000030517578,187.75,191.60000610351562,188.52000427246094,1263900.0,187.72006225585938,-1.894,2019-09-16,37,2019,0.21000000000000002,1.4127878467767196
193.1999969482422,189.75,190.33999633789062,192.24000549316406,1186700.0,191.42428588867188,1.973,2019-09-17,37,2019,0.21000000000000002,1.4127878467767196
193.6699981689453,191.0,193.4499969482422,192.66000366210938,1694800.0,191.84249877929688,0.218,2019-09-18,37,2019,0.21000000000000002,1.4127878467767196
196.1199951171875,193.9199981689453,195.69000244140625,194.24000549316406,1601500.0,193.41580200195312,0.82,2019-09-19,37,2019,0.21000000000000002,1.4127878467767196
196.25,193.10000610351562,195.49000549316406,194.11000061035156,2475500.0,193.28634643554688,-0.067,2019-09-20,37,2019,0.21000000000000002,1.4127878467767196
194.0,192.5500030517578,192.64999389648438,193.52000427246094,859600.0,192.6988525390625,-0.304,2019-09-23,38,2019,-0.26399999999999996,0.5265363235333341
193.83999633789062,190.85000610351562,193.1699981689453,191.52000427246094,1539800.0,190.70733642578125,-1.033,2019-09-24,38,2019,-0.26399999999999996,0.5265363235333341
192.8699951171875,190.3300018310547,190.63999938964844,192.25,852100.0,191.43423461914062,0.381,2019-09-25,38,2019,-0.26399999999999996,0.5265363235333341
193.2100067138672,191.47999572753906,193.0399932861328,192.3000030517578,1345600.0,191.48402404785156,0.026,2019-09-26,38,2019,-0.26399999999999996,0.5265363235333341
192.75,190.5800018310547,192.16000366210938,191.5500030517578,873900.0,190.73721313476562,-0.39,2019-09-27,38,2019,-0.26399999999999996,0.5265363235333341
194.24000549316406,192.17999267578125,192.52000427246094,193.72000122070312,1027200.0,192.8979949951172,1.133,2019-09-30,39,2019,-0.5538000000000001,1.8164734239729465
194.02000427246094,188.4499969482422,193.92999267578125,188.5500030517578,1127500.0,187.74993896484375,-2.669,2019-10-01,39,2019,-0.5538000000000001,1.8164734239729465
186.0,182.05999755859375,185.92999267578125,184.11000061035156,1996200.0,183.3287811279297,-2.355,2019-10-02,39,2019,-0.5538000000000001,1.8164734239729465
184.97999572753906,182.27999877929688,183.86000061035156,184.63999938964844,955600.0,183.8565216064453,0.288,2019-10-03,39,2019,-0.5538000000000001,1.8164734239729465
187.3800048828125,184.22000122070312,185.66000366210938,186.17999267578125,1498100.0,185.38998413085938,0.834,2019-10-04,39,2019,-0.5538000000000001,1.8164734239729465
190.33999633789062,185.8300018310547,186.0,188.5800018310547,2744100.0,187.77981567382812,1.289,2019-10-07,40,2019,0.8657999999999999,1.8301324269024906
187.4499969482422,183.6999969482422,187.44000244140625,184.11000061035156,1526600.0,183.3287811279297,-2.37,2019-10-08,40,2019,0.8657999999999999,1.8301324269024906
188.0399932861328,185.67999267578125,186.11000061035156,187.38999938964844,1266600.0,186.5948486328125,1.782,2019-10-09,40,2019,0.8657999999999999,1.8301324269024906
192.05999755859375,188.60000610351562,190.22999572753906,191.22999572753906,1486200.0,190.41856384277344,2.049,2019-10-10,40,2019,0.8657999999999999,1.8301324269024906
196.5399932861328,192.35000610351562,192.67999267578125,194.25,1609600.0,193.42575073242188,1.579,2019-10-11,40,2019,0.8657999999999999,1.8301324269024906
195.30999755859375,192.4600067138672,194.3000030517578,192.52999877929688,1213700.0,191.71304321289062,-0.885,2019-10-14,41,2019,0.16160000000000002,0.9323139492681636
198.02999877929688,194.88999938964844,195.7899932861328,195.17999267578125,1519300.0,194.35179138183594,1.376,2019-10-15,41,2019,0.16160000000000002,0.9323139492681636
198.17999267578125,196.13999938964844,197.8000030517578,196.85000610351562,1570400.0,196.0147247314453,0.856,2019-10-16,41,2019,0.16160000000000002,0.9323139492681636
198.97999572753906,196.5500030517578,197.75999450683594,196.63999938964844,958900.0,195.80560302734375,-0.107,2019-10-17,41,2019,0.16160000000000002,0.9323139492681636
197.24000549316406,194.94000244140625,196.8800048828125,195.7899932861328,1022800.0,194.95921325683594,-0.432,2019-10-18,41,2019,0.16160000000000002,0.9323139492681636
196.0500030517578,194.3300018310547,195.94000244140625,194.97000122070312,927900.0,194.1427001953125,-0.419,2019-10-21,42,2019,-0.07479999999999998,1.219353189194993
193.67999267578125,191.39999389648438,193.0800018310547,191.47000122070312,1429700.0,190.6575469970703,-1.795,2019-10-22,42,2019,-0.07479999999999998,1.219353189194993
194.8699951171875,193.1699981689453,193.75999450683594,193.6999969482422,1227900.0,192.87808227539062,1.165,2019-10-23,42,2019,-0.07479999999999998,1.219353189194993
194.63999938964844,192.69000244140625,194.30999755859375,192.99000549316406,996600.0,192.1710968017578,-0.367,2019-10-24,42,2019,-0.07479999999999998,1.219353189194993
195.4499969482422,194.0399932861328,194.38999938964844,195.0,1025000.0,194.1725616455078,1.042,2019-10-25,42,2019,-0.07479999999999998,1.219353189194993
196.88999938964844,195.67999267578125,196.30999755859375,196.77000427246094,1216700.0,195.93505859375,0.908,2019-10-28,43,2019,0.3884,0.6548139430403112
201.30999755859375,197.11000061035156,197.77000427246094,199.11000061035156,1080100.0,198.26512145996094,1.189,2019-10-29,43,2019,0.3884,0.6548139430403112
199.55999755859375,196.3000030517578,197.8699951171875,199.19000244140625,1110400.0,198.34478759765625,0.04,2019-10-30,43,2019,0.3884,0.6548139430403112
199.25,196.9499969482422,199.17999267578125,198.35000610351562,1303500.0,197.50836181640625,-0.422,2019-10-31,43,2019,0.3884,0.6548139430403112
200.0500030517578,198.3800048828125,198.8800048828125,198.8000030517578,812200.0,197.95645141601562,0.227,2019-11-01,43,2019,0.3884,0.6548139430403112
201.49000549316406,200.1199951171875,201.25,200.75999450683594,1086100.0,199.90811157226562,0.986,2019-11-04,44,2019,0.41979999999999995,0.4703543345181375
201.47999572753906,198.9499969482422,200.94000244140625,200.30999755859375,1132900.0,199.4600372314453,-0.224,2019-11-05,44,2019,0.41979999999999995,0.4703543345181375
201.60000610351562,200.11000061035156,201.11000061035156,201.1199951171875,1084500.0,200.26658630371094,0.404,2019-11-06,44,2019,0.41979999999999995,0.4703543345181375
202.72000122070312,201.0399932861328,201.63999938964844,202.60000610351562,1098200.0,201.74032592773438,0.736,2019-11-07,44,2019,0.41979999999999995,0.4703543345181375
204.4499969482422,202.30999755859375,203.60000610351562,203.0,966000.0,202.1386260986328,0.197,2019-11-08,44,2019,0.41979999999999995,0.4703543345181375
203.32000732421875,201.5800018310547,202.77000427246094,202.2899932861328,881600.0,201.43162536621094,-0.35,2019-11-11,45,2019,0.6548,0.7650334633203962
207.7100067138672,204.17999267578125,205.22999572753906,205.75999450683594,1681200.0,204.88690185546875,1.715,2019-11-12,45,2019,0.6548,0.7650334633203962
208.69000244140625,206.75,207.1999969482422,207.82000732421875,1388200.0,206.93817138671875,1.001,2019-11-13,45,2019,0.6548,0.7650334633203962
208.97000122070312,206.74000549316406,207.08999633789062,208.63999938964844,1003000.0,207.7546844482422,0.395,2019-11-14,45,2019,0.6548,0.7650334633203962
210.3300018310547,208.3300018310547,210.0,209.7100067138672,1772000.0,208.82015991210938,0.513,2019-11-15,45,2019,0.6548,0.7650334633203962
209.9600067138672,207.47999572753906,208.38999938964844,209.11000061035156,1115900.0,208.22268676757812,-0.286,2019-11-18,46,2019,-0.46159999999999995,0.33741191443101115
210.5,207.42999267578125,210.1999969482422,207.42999267578125,1463700.0,206.54981994628906,-0.803,2019-11-19,46,2019,-0.46159999999999995,0.33741191443101115
207.6999969482422,205.55999755859375,207.02000427246094,206.17999267578125,1234900.0,205.30511474609375,-0.603,2019-11-20,46,2019,-0.46159999999999995,0.33741191443101115
207.80999755859375,206.02999877929688,207.22999572753906,206.25999450683594,1369500.0,205.38478088378906,0.039,2019-11-21,46,2019,-0.46159999999999995,0.33741191443101115
206.08999633789062,204.66000366210938,205.41000366210938,204.91000366210938,936700.0,204.04051208496094,-0.655,2019-11-22,46,2019,-0.46159999999999995,0.33741191443101115
205.9600067138672,204.24000549316406,204.74000549316406,205.94000244140625,1418800.0,205.06614685058594,0.503,2019-11-25,47,2019,0.159,0.40348234162104296
205.97999572753906,204.63999938964844,205.11000061035156,205.13999938964844,1547400.0,204.26953125,-0.388,2019-11-26,47,2019,0.159,0.40348234162104296
206.11000061035156,203.80999755859375,203.9600067138672,206.0,1074000.0,205.12588500976562,0.419,2019-11-27,47,2019,0.159,0.40348234162104296
206.82000732421875,205.16000366210938,205.38999938964844,206.2100067138672,847600.0,205.3350067138672,0.102,2019-11-29,47,2019,0.159,0.40348234162104296
203.5800018310547,199.8300018310547,202.85000610351562,200.6300048828125,1718600.0,200.6300048828125,-2.291,2019-12-02,48,2019,0.025999999999999978,1.3104995230827061
202.55999755859375,199.61000061035156,200.61000061035156,202.0399932861328,1230600.0,202.0399932861328,0.703,2019-12-03,48,2019,0.025999999999999978,1.3104995230827061
205.02000427246094,202.6699981689453,204.3000030517578,202.75,1384500.0,202.75,0.351,2019-12-04,48,2019,0.025999999999999978,1.3104995230827061
204.05999755859375,202.25,203.1699981689453,203.75,868700.0,203.75,0.493,2019-12-05,48,2019,0.025999999999999978,1.3104995230827061
205.99000549316406,204.60000610351562,205.60000610351562,205.52999877929688,912300.0,205.52999877929688,0.874,2019-12-06,48,2019,0.025999999999999978,1.3104995230827061
207.0,204.77999877929688,206.86000061035156,205.3300018310547,1038300.0,205.3300018310547,-0.097,2019-12-09,49,2019,0.34540000000000004,1.1240201510649175
205.74000549316406,203.8300018310547,204.6999969482422,203.9499969482422,1135900.0,203.9499969482422,-0.672,2019-12-10,49,2019,0.34540000000000004,1.1240201510649175
206.36000061035156,204.88999938964844,205.4499969482422,205.63999938964844,1159200.0,205.63999938964844,0.829,2019-12-11,49,2019,0.34540000000000004,1.1240201510649175
210.25,206.8699951171875,207.08999633789062,209.9199981689453,1333000.0,209.9199981689453,2.081,2019-12-12,49,2019,0.34540000000000004,1.1240201510649175
211.63999938964844,208.3800048828125,211.11000061035156,209.0500030517578,1527900.0,209.0500030517578,-0.414,2019-12-13,49,2019,0.34540000000000004,1.1240201510649175
211.1699981689453,209.82000732421875,211.10000610351562,210.02000427246094,1797200.0,210.02000427246094,0.464,2019-12-16,50,2019,0.2934,0.7339460470634064
210.52000427246094,208.7100067138672,210.3800048828125,209.66000366210938,1433000.0,209.66000366210938,-0.171,2019-12-17,50,2019,0.2934,0.7339460470634064
209.3300018310547,206.94000244140625,209.32000732421875,208.3300018310547,1427300.0,208.3300018310547,-0.634,2019-12-18,50,2019,0.2934,0.7339460470634064
209.4499969482422,207.66000366210938,207.94000244140625,209.39999389648438,1205200.0,209.39999389648438,0.514,2019-12-19,50,2019,0.2934,0.7339460470634064
213.94000244140625,211.02000427246094,213.1300048828125,212.11000061035156,3034100.0,212.11000061035156,1.294,2019-12-20,50,2019,0.2934,0.7339460470634064
212.30999755859375,211.10000610351562,212.0800018310547,211.77000427246094,967400.0,211.77000427246094,-0.16,2019-12-23,51,2019,0.01825000000000001,0.3499355893113284
212.41000366210938,210.6699981689453,211.57000732421875,211.6199951171875,399900.0,211.6199951171875,-0.071,2019-12-24,51,2019,0.01825000000000001,0.3499355893113284
212.75,211.10000610351562,211.6999969482422,212.75,481000.0,212.75,0.534,2019-12-26,51,2019,0.01825000000000001,0.3499355893113284
214.25999450683594,212.08999633789062,214.14999389648438,212.25999450683594,825500.0,212.25999450683594,-0.23,2019-12-27,51,2019,0.01825000000000001,0.3499355893113284
212.89999389648438,211.27000427246094,212.80999755859375,211.49000549316406,807500.0,211.49000549316406,-0.363,2019-12-30,52,2019,0.15200000000000002,0.728319984622144
212.9199981689453,211.25999450683594,211.74000549316406,212.89999389648438,1040000.0,212.89999389648438,0.667,2019-12-31,52,2019,0.15200000000000002,0.728319984622144
